,url,title,survey_date,fixed_rates,arms_rates,fixed_rates_full,arms_rates_full
0,http://www.mba.org/2021-press-releases/july/mortgage-applications-decrease-in-latest-mba-weekly-survey,Mortgage Applications Decrease in Latest MBA Weekly Survey,"July 2, 2021",3.15,2.94,"interest rate for 30-year fixed-rate mortgages with conforming loan balances ($548,250 or less) decreased to 3.15 percent",interest rate for 5/1 ARMs decreased to 2.94 percent
1,http://www.mba.org/2021-press-releases/june/mortgage-applications-decrease-in-latest-mba-weekly-survey-x281049,Mortgage Applications Decrease in Latest MBA Weekly Survey,"June 25, 2021",3.20,2.98,"interest rate for 30-year fixed-rate mortgages with conforming loan balances ($548,250 or less) increased to 3.20 percent",interest rate for 5/1 ARMs increased to 2.98 percent
2,http://www.mba.org/2021-press-releases/june/mortgage-applications-increase-in-latest-mba-weekly-survey-x281353,Mortgage Applications Increase in Latest MBA Weekly Survey,"June 18, 2021",3.18,2.69,"interest rate for 30-year fixed-rate mortgages with conforming loan balances ($548,250 or less) increased to 3.18 percent",interest rate for 5/1 ARMs remained unchanged at 2.69 percent
3,http://www.mba.org/2021-press-releases/june/mortgage-applications-increase-in-latest-mba-weekly-survey,Mortgage Applications Increase in Latest MBA Weekly Survey,"June 11, 2021",3.11,2.69,"interest rate for 30-year fixed-rate mortgages with conforming loan balances ($548,250 or less) decreased to 3.11 percent",interest rate for 5/1 ARMs increased to 2.69 percent
4,http://www.mba.org/2021-press-releases/june/mortgage-applications-decrease-in-latest-mba-weekly-survey-x280704,Mortgage Applications Decrease in Latest MBA Weekly Survey,"June 4, 2021",3.15,2.54,"interest rate for 30-year fixed-rate mortgages with conforming loan balances ($548,250 or less) decreased to 3.15 percent",interest rate for 5/1 ARMs remained unchanged 2.54 percent
5,http://www.mba.org/2021-press-releases/june/mortgage-applications-decrease-in-latest-mba-weekly-survey,Mortgage Applications Decrease in Latest MBA Weekly Survey,"May 28, 2021",3.17,2.54,"interest rate for 30-year fixed-rate mortgages with conforming loan balances ($548,250 or less) decreased to 3.17 percent",interest rate for 5/1 ARMs decreased to 2.54 percent
6,http://www.mba.org/2021-press-releases/may/mortgage-applications-decrease-in-latest-mba-weekly-survey-x280264,Mortgage Applications Decrease in Latest MBA Weekly Survey,"May 21, 2021",3.18,2.81,"interest rate for 30-year fixed-rate mortgages with conforming loan balances ($548,250 or less) increased to 3.18 percent",interest rate for 5/1 ARMs increased to 2.81 percent
7,http://www.mba.org/2021-press-releases/may/mortgage-applications-increase-in-latest-mba-weekly-survey-x279918,Mortgage Applications Increase in Latest MBA Weekly Survey,"May 14, 2021",3.15,2.58,"interest rate for 30-year fixed-rate mortgages with conforming loan balances ($548,250 or less) increased to 3.15 percent",interest rate for 5/1 ARMs increased to 2.58 percent
8,http://www.mba.org/2021-press-releases/may/mortgage-applications-increase-in-latest-mba-weekly-survey,Mortgage Applications Increase in Latest MBA Weekly Survey,"May 7, 2021",3.11,2.57,"interest rate for 30-year fixed-rate mortgages with conforming loan balances ($548,250 or less) decreased to 3.11 percent",interest rate for 5/1 ARMs decreased to 2.57 percent
9,http://www.mba.org/2021-press-releases/may/mortgage-applications-decrease-in-latest-mba-weekly-survey,Mortgage Applications Decrease in Latest MBA Weekly Survey,"April 30, 2021",3.18,2.76,"interest rate for 30-year fixed-rate mortgages with conforming loan balances ($548,250 or less) increased to 3.18 percent",interest rate for 5/1 ARMs increased to 2.76 percent
10,http://www.mba.org/x279239.xml,Mortgage Applications Decrease in Latest MBA Weekly Survey,"April 23, 2021",3.17,2.59,"interest rate for 30-year fixed-rate mortgages with conforming loan balances ($548,250 or less) decreased to 3.17 percent",interest rate for 5/1 ARMs decreased to 2.59 percent
11,http://www.mba.org/2021-press-releases/april/mortgage-applications-increase-in-latest-mba-weekly-survey,Mortgage Applications Increase in Latest MBA Weekly Survey,"April 16, 2021",3.20,2.67,"interest rate for 30-year fixed-rate mortgages with conforming loan balances ($548,250 or less) decreased to 3.20 percent",interest rate for 5/1 ARMs increased to 2.67 percent
12,http://www.mba.org/2021-press-releases/april/mortgage-applications-decrease-in-latest-mba-weekly-survey-x278966,Mortgage Applications Decrease in Latest MBA Weekly Survey,"April 9, 2021",3.27,2.60,"interest rate for 30-year fixed-rate mortgages with conforming loan balances ($548,250 or less) decreased to 3.27 percent",interest rate for 5/1 ARMs decreased to 2.60 percent
13,http://www.mba.org/2021-press-releases/april/mortgage-applications-decrease-in-latest-mba-weekly-survey,Mortgage Applications Decrease in Latest MBA Weekly Survey,"April 2, 2021",3.36,2.92,"interest rate for 30-year fixed-rate mortgages with conforming loan balances ($548,250 or less) increased to 3.36 percent",interest rate for 5/1 ARMs increased to 2.92 percent
14,http://www.mba.org/2021-press-releases/march/mortgage-applications-decrease-in-latest-mba-weekly-survey-x278456,Mortgage Applications Decrease in Latest MBA Weekly Survey,"March 26, 2021",3.33,2.85,"interest rate for 30-year fixed-rate mortgages with conforming loan balances ($548,250 or less) decreased to 3.33 percent",interest rate for 5/1 ARMs increased to 2.85 percent
15,http://www.mba.org/2021-press-releases/march/mortgage-applications-decrease-in-latest-mba-weekly-survey-x278243,Mortgage Applications Decrease in Latest MBA Weekly Survey,"March 19, 2021",3.36,2.79,"interest rate for 30-year fixed-rate mortgages with conforming loan balances ($548,250 or less) increased to 3.36 percent",interest rate for 5/1 ARMs decreased to 2.79 percent
16,http://www.mba.org/2021-press-releases/march/mortgage-applications-decrease-in-latest-mba-weekly-survey-x277674,Mortgage Applications Decrease in Latest MBA Weekly Survey,"March 12, 2021",3.28,2.82,"interest rate for 30-year fixed-rate mortgages with conforming loan balances ($548,250 or less) increased to 3.28 percent",interest rate for 5/1 ARMs increased to 2.82 percent
17,http://www.mba.org/2021-press-releases/march/mortgage-applications-decrease-in-latest-mba-weekly-survey,Mortgage Applications Decrease in Latest MBA Weekly Survey,"March 5, 2021",3.26,2.69,"interest rate for 30-year fixed-rate mortgages with conforming loan balances ($548,250 or less) increased to 3.26 percent",interest rate for 5/1 ARMs decreased to 2.69 percent
18,http://www.mba.org/2021-press-releases/march/mortgage-applications-increase-in-latest-mba-weekly-survey,Mortgage Applications Increase in Latest MBA Weekly Survey,"February 26, 2021",3.23,2.84,"interest rate for 30-year fixed-rate mortgages with conforming loan balances ($548,250 or less) increased to 3.23 percent",interest rate for 5/1 ARMs increased to 2.84 percent
19,http://www.mba.org/2021-press-releases/february/mortgage-applications-decrease-in-latest-mba-weekly-survey-x277429,Mortgage Applications Decrease in Latest MBA Weekly Survey,"February 19, 2021",3.08,2.83,"interest rate for 30-year fixed-rate mortgages with conforming loan balances ($548,250 or less) increased to 3.08 percent",interest rate for 5/1 ARMs remained unchanged 2.83 percent
20,http://www.mba.org/2021-press-releases/february/mortgage-applications-decrease-in-latest-mba-weekly-survey,Mortgage Applications Decrease in Latest MBA Weekly Survey,"February 5, 2021",2.96,2.92,"interest rate for 30-year fixed-rate mortgages with conforming loan balances ($548,250 or less) increased to 2.96 percent",interest rate for 5/1 ARMs increased to 2.92 percent
21,http://www.mba.org/2021-press-releases/february/mortgage-applications-increase-in-latest-mba-weekly-survey,Mortgage Applications Increase in Latest MBA Weekly Survey,"January 29, 2021",2.92,2.88,"interest rate for 30-year fixed-rate mortgages with conforming loan balances ($510,400 or less) decreased to 2.92 percent",interest rate for 5/1 ARMs increased to 2.88 percent
22,http://www.mba.org/2021-press-releases/january/mortgage-applications-decrease-in-latest-mba-weekly-survey-x276095,Mortgage Applications Decrease in Latest MBA Weekly Survey,"January 22, 2021",2.95,2.60,"interest rate for 30-year fixed-rate mortgages with conforming loan balances ($510,400 or less) increased to 2.95 percent",interest rate for 5/1 ARMs decreased to 2.60 percent
23,http://www.mba.org/2021-press-releases/january/mortgage-applications-decrease-in-latest-mba-weekly-survey,Mortgage Applications Decrease in Latest MBA Weekly Survey,"January 15, 2021",2.92,2.76,"interest rate for 30-year fixed-rate mortgages with conforming loan balances ($510,400 or less) increased to 2.92 percent",interest rate for 5/1 ARMs increased to 2.76 percent
24,http://www.mba.org/2021-press-releases/january/mortgage-applications-increase-in-latest-mba-weekly-survey,Mortgage Applications Increase in Latest MBA Weekly Survey,"January 8, 2021",2.88,2.66,"interest rate for 30-year fixed-rate mortgages with conforming loan balances ($510,400 or less) increased to 2.88 percent",interest rate for 5/1 ARMs increased to 2.66 percent
25,http://www.mba.org/2021-press-releases/january/mortgage-applications-decreased-over-a-two-week-period-in-latest-mba-weekly-survey,Mortgage Applications Decreased Over a Two-Week Period in Latest MBA Weekly Survey,"January 1, 2021",2.86,2.63,"interest rate for 30-year fixed-rate mortgages with conforming loan balances ($510,400 or less) decreased to 2.86 percent",interest rate for 5/1 ARMs increased to 2.63 percent
26,http://www.mba.org/2020-press-releases/december/mortgage-applications-increase-in-latest-mba-weekly-survey-x275422,Mortgage Applications Increase in Latest MBA Weekly Survey,"December 18, 2020",2.86,2.71,"interest rate for 30-year fixed-rate mortgages with conforming loan balances ($510,400 or less) increased to 2.86 percent",interest rate for 5/1 ARMs increased to 2.71 percent
27,http://www.mba.org/2020-press-releases/december/mortgage-applications-increase-in-latest-mba-weekly-survey,Mortgage Applications Increase in Latest MBA Weekly Survey,"December 11, 2020",2.85,,"interest rate for 30-year fixed-rate mortgages with conforming loan balances ($510,400 or less) decreased to a survey low of 2.85 percent",
28,http://www.mba.org/2020-press-releases/december/mortgage-applications-decrease-in-latest-mba-weekly-survey-x274321,Mortgage Applications Decrease in Latest MBA Weekly Survey,"December 4, 2020",2.90,2.60,"interest rate for 30-year fixed-rate mortgages with conforming loan balances ($510,400 or less) decreased to a survey low of 2.90 percent",interest rate for 5/1 ARMs decreased to 2.60 percent
29,http://www.mba.org/2020-press-releases/december/mortgage-applications-decrease-in-latest-mba-weekly-survey,Mortgage Applications Decrease in Latest MBA Weekly Survey,"November 27, 2020",2.92,2.63,"interest rate for 30-year fixed-rate mortgages with conforming loan balances ($510,400 or less) remained unchanged at 2.92 percent",interest rate for 5/1 ARMs remained unchanged at 2.63 percent
30,http://www.mba.org/2020-press-releases/november/mortgage-applications-increase-in-latest-mba-weekly-survey-x274199,Mortgage Applications Increase in Latest MBA Weekly Survey,"November 20, 2020",2.92,2.63,"interest rate for 30-year fixed-rate mortgages with conforming loan balances ($510,400 or less) decreased to a survey low of 2.92 percent",interest rate for 5/1 ARMs decreased to 2.63 percent
31,http://www.mba.org/2020-press-releases/november/mortgage-applications-decrease-in-latest-mba-weekly-survey-x274076,Mortgage Applications Decrease in Latest MBA Weekly Survey,"November 13, 2020",2.99,2.84,"interest rate for 30-year fixed-rate mortgages with conforming loan balances ($510,400 or less) increased to 2.99 percent",interest rate for 5/1 ARMs increased to 2.84 percent
32,http://www.mba.org/2020-press-releases/november/mortgage-applications-decrease-in-latest-mba-weekly-survey,Mortgage Applications Decrease in Latest MBA Weekly Survey,"November 6, 2020",2.98,2.79,"interest rate for 30-year fixed-rate mortgages with conforming loan balances ($510,400 or less) decreased to a survey low of 2.98 percent",interest rate for 5/1 ARMs increased to 2.79 percent
33,http://www.mba.org/2020-press-releases/november/mortgage-applications-increase-in-latest-mba-weekly-survey,Mortgage Applications Increase in Latest MBA Weekly Survey,"October 30, 2020",3.01,2.67,"interest rate for 30-year fixed-rate mortgages with conforming loan balances ($510,400 or less) increased to 3.01 percent",interest rate for 5/1 ARMs decreased to 2.67 percent
34,http://www.mba.org/2020-press-releases/october/mortgage-applications-increase-in-latest-mba-weekly-survey-x273545,Mortgage Applications Increase in Latest MBA Weekly Survey,"October 23, 2020",3.00,3.05,"interest rate for 30-year fixed-rate mortgages with conforming loan balances ($510,400 or less) decreased to 3.00 percent",interest rate for 5/1 ARMs increased to 3.05 percent
35,http://www.mba.org/2020-press-releases/october/mortgage-applications-decrease-in-latest-mba-weekly-survey-x273541,Mortgage Applications Decrease in Latest MBA Weekly Survey,"October 16, 2020",3.02,2.86,"interest rate for 30-year fixed-rate mortgages with conforming loan balances ($510,400 or less) increased to 3.02 percent",interest rate for 5/1 ARMs increased to 2.86 percent
36,http://www.mba.org/2020-press-releases/october/mortgage-applications-decrease-in-latest-mba-weekly-survey,Mortgage Applications Decrease in Latest MBA Weekly Survey,"October 9, 2020",3.00,,"interest rate for 30-year fixed-rate mortgages with conforming loan balances ($510,400 or less) decreased to 3.00 percent",
37,http://www.mba.org/2020-press-releases/october/mortgage-applications-increase-in-latest-mba-weekly-survey,Mortgage Applications Increase in Latest MBA Weekly Survey,"October 2, 2020",3.01,2.80,"interest rate for 30-year fixed-rate mortgages with conforming loan balances ($510,400 or less) decreased to 3.01 percent",interest rate for 5/1 ARMs decreased to 2.80 percent
38,http://www.mba.org/2020-press-releases/september/mortgage-applications-decrease-in-latest-mba-weekly-survey-x272988,Mortgage Applications Decrease in Latest MBA Weekly Survey,"September 25, 2020",3.05,2.95,"interest rate for 30-year fixed-rate mortgages with conforming loan balances ($510,400 or less) decreased to 3.05 percent",interest rate for 5/1 ARMs decreased to 2.95 percent
39,http://www.mba.org/2020-press-releases/september/mortgage-applications-increase-in-latest-mba-weekly-survey-x272315,Mortgage Applications Increase in Latest MBA Weekly Survey,"September 18, 2020",3.10,3.19,"interest rate for 30-year fixed-rate mortgages with conforming loan balances ($510,400 or less) increased to 3.10 percent",interest rate for 5/1 ARMs decreased to 3.19 percent
40,http://www.mba.org/2020-press-releases/september/mortgage-applications-decrease-in-latest-mba-weekly-survey-x272310,Mortgage Applications Decrease in Latest MBA Weekly Survey,"September 11, 2020",3.07,3.20,"interest rate for 30-year fixed-rate mortgages with conforming loan balances ($510,400 or less) remained unchanged at 3.07 percent",interest rate for 5/1 ARMs increased to 3.20 percent
41,http://www.mba.org/2020-press-releases/september/mortgage-applications-increase-in-latest-mba-weekly-survey,Mortgage Applications Increase in Latest MBA Weekly Survey,"September 4, 2020",3.07,2.99,"interest rate for 30-year fixed-rate mortgages with conforming loan balances ($510,400 or less) decreased to 3.07 percent",interest rate for 5/1 ARMs decreased to 2.99 percent
42,http://www.mba.org/2020-press-releases/september/mortgage-applications-decrease-in-latest-mba-weekly-survey,Mortgage Applications Decrease in Latest MBA Weekly Survey,"August 28, 2020",3.08,3.08,"interest rate for 30-year fixed-rate mortgages with conforming loan balances ($510,400 or less) decreased to 3.08 percent",interest rate for 5/1 ARMs decreased to 3.08 percent
43,http://www.mba.org/2020-press-releases/august/mortgage-applications-decrease-in-latest-mba-weekly-survey-x272033,Mortgage Applications Decrease in Latest MBA Weekly Survey,"August 21, 2020",3.11,3.14,"interest rate for 30-year fixed-rate mortgages with conforming loan balances ($510,400 or less) decreased to 3.11 percent",interest rate for 5/1 ARMs increased to 3.14 percent
44,http://www.mba.org/2020-press-releases/august/mortgage-applications-decrease-in-latest-mba-weekly-survey-x271818,Mortgage Applications Decrease in Latest MBA Weekly Survey,"August 14, 2020",3.13,2.95,"interest rate for 30-year fixed-rate mortgages with conforming loan balances ($510,400 or less) increased to 3.13 percent",interest rate for 5/1 ARMs decreased to 2.95 percent
45,http://www.mba.org/2020-press-releases/august/mortgage-applications-increase-in-latest-mba-weekly-survey,Mortgage Applications Increase in Latest MBA Weekly Survey,"August 7, 2020",3.06,3.00,"interest rate for 30-year fixed-rate mortgages with conforming loan balances ($510,400 or less) decreased to 3.06 percent",interest rate for 5/1 ARMs decreased to 3.00 percent
46,http://www.mba.org/2020-press-releases/august/mortgage-applications-decrease-in-latest-mba-weekly-survey,Mortgage Applications Decrease in Latest MBA Weekly Survey,"July 31, 2020",3.14,3.09,"interest rate for 30-year fixed-rate mortgages with conforming loan balances ($510,400 or less) decreased to 3.14 percent",interest rate for 5/1 ARMs increased to 3.09 percent
47,http://www.mba.org/2020-press-releases/july/mortgage-applications-decrease-in-latest-mba-weekly-survey-x271265,Mortgage Applications Decrease in Latest MBA Weekly Survey,"July 24, 2020",3.20,3.08,"interest rate for 30-year fixed-rate mortgages with conforming loan balances ($510,400 or less) remained unchanged at 3.20 percent",interest rate for 5/1 ARMs increased to 3.08 percent
48,http://www.mba.org/2020-press-releases/july/mortgage-applications-increase-in-latest-mba-weekly-survey-x271261,Mortgage Applications Increase in Latest MBA Weekly Survey,"July 17, 2020",3.20,2.89,"interest rate for 30-year fixed-rate mortgages with conforming loan balances ($510,400 or less) increased to 3.20 percent",interest rate for 5/1 ARMs decreased to 2.89 percent
49,http://www.mba.org/2020-press-releases/july/mortgage-applications-increase-in-latest-mba-weekly-survey-x271130,Mortgage Applications Increase in Latest MBA Weekly Survey,"July 10, 2020",3.19,3.00,"interest rate for 30-year fixed-rate mortgages with conforming loan balances ($510,400 or less) decreased to 3.19 percent",interest rate for 5/1 ARMs increased to 3.00 percent
50,http://www.mba.org/2020-press-releases/july/mortgage-applications-increase-in-latest-mba-weekly-survey,Mortgage Applications Increase in Latest MBA Weekly Survey,"July 3, 2020",3.26,2.98,"interest rate for 30-year fixed-rate mortgages with conforming loan balances ($510,400 or less) decreased to 3.26 percent",interest rate for 5/1 ARMs decreased to 2.98 percent
51,http://www.mba.org/2020-press-releases/july/mortgage-applications-decrease-in-latest-mba-weekly-survey,Mortgage Applications Decrease in Latest MBA Weekly Survey,"June 26, 2020",3.29,3.04,"interest rate for 30-year fixed-rate mortgages with conforming loan balances ($484,350 or less) decreased to 3.29 percent",interest rate for 5/1 ARMs decreased to 3.04 percent
52,http://www.mba.org/2020-press-releases/june/mortgage-applications-decrease-in-latest-mba-weekly-survey-x270845,Mortgage Applications Decrease in Latest MBA Weekly Survey,"June 19, 2020",3.30,3.09,"interest rate for 30-year fixed-rate mortgages with conforming loan balances ($510,400 or less) remained unchanged at 3.30 percent",interest rate for 5/1 ARMs increased to 3.09 percent
53,http://www.mba.org/2020-press-releases/june/mortgage-applications-increase-in-latest-mba-weekly-survey-x264417,Mortgage Applications Increase in Latest MBA Weekly Survey,"June 12, 2020",3.30,3.07,"interest rate for 30-year fixed-rate mortgages with conforming loan balances ($510,400 or less) decreased to 3.30 percent",interest rate for 5/1 ARMs increased to 3.07 percent
54,http://www.mba.org/2020-press-releases/june/mortgage-applications-increase-in-latest-mba-weekly-survey-x264413,Mortgage Applications Increase in Latest MBA Weekly Survey,"June 5, 2020",3.38,3.02,"interest rate for 30-year fixed-rate mortgages with conforming loan balances ($510,400 or less) increased to 3.38 percent",interest rate for 5/1 ARMs decreased to 3.02 percent
55,http://www.mba.org/2020-press-releases/june/mortgage-applications-decrease-in-latest-mba-weekly-survey-x264409,Mortgage Applications Decrease in Latest MBA Weekly Survey,"May 29, 2020",3.37,3.05,"interest rate for 30-year fixed-rate mortgages with conforming loan balances ($510,400 or less) decreased to 3.37 percent",interest rate for 5/1 ARMs decreased to 3.05 percent
56,http://www.mba.org/2020-press-releases/may/mortgage-applications-increase-in-latest-mba-weekly-survey-x264194,Mortgage Applications Increase in Latest MBA Weekly Survey,"May 22, 2020",3.42,3.08,"interest rate for 30-year fixed-rate mortgages with conforming loan balances ($510,400 or less) increased to 3.42 percent",interest rate for 5/1 ARMs decreased to 3.08 percent
57,http://www.mba.org/2020-press-releases/may/mortgage-applications-decrease-in-latest-mba-weekly-survey,Mortgage Applications Decrease in Latest MBA Weekly Survey,"May 15, 2020",3.41,3.19,"interest rate for 30-year fixed-rate mortgages with conforming loan balances ($510,400 or less) decreased to 3.41 percent",interest rate for 5/1 ARMs decreased to 3.19 percent
58,http://www.mba.org/2020-press-releases/may/mortgage-applications-increase-in-latest-mba-weekly-survey-x264000,Mortgage Applications Increase in Latest MBA Weekly Survey,"May 8, 2020",3.43,3.26,"interest rate for 30-year fixed-rate mortgages with conforming loan balances ($510,400 or less) increased to 3.43 percent",interest rate for 5/1 ARMs increased to 3.26 percent
59,http://www.mba.org/2020-press-releases/may/mortgage-applications-increase-in-latest-mba-weekly-survey-x263819,Mortgage Applications Increase in Latest MBA Weekly Survey,"May 1, 2020",3.40,3.20,"interest rate for 30-year fixed-rate mortgages with conforming loan balances ($510,400 or less) decreased to 3.40 percent",interest rate for 5/1 ARMs decreased to 3.20 percent
60,http://www.mba.org/2020-press-releases/april/mortgage-applications-decrease-in-latest-mba-weekly-survey-x263631,Mortgage Applications Decrease in Latest MBA Weekly Survey,"April 24, 2020",3.43,3.29,"interest rate for 30-year fixed-rate mortgages with conforming loan balances ($510,400 or less) decreased to 3.43 percent",interest rate for 5/1 ARMs remained unchanged at 3.29 percent
61,http://www.mba.org/2020-press-releases/april/mortgage-applications-decrease-in-latest-mba-weekly-survey-x263483,Mortgage Applications Decrease in Latest MBA Weekly Survey,"April 17, 2020",3.45,3.29,"interest rate for 30-year fixed-rate mortgages with conforming loan balances ($510,400 or less) remained unchanged at 3.45 percent",interest rate for 5/1 ARMs decreased to 3.29 percent
62,http://www.mba.org/2020-press-releases/april/mortgage-applications-increase-in-latest-mba-weekly-survey-x263475,Mortgage Applications Increase in Latest MBA Weekly Survey,"April 10, 2020",3.45,3.34,"interest rate for 30-year fixed-rate mortgages with conforming loan balances ($510,400 or less) decreased to 3.45 percent",interest rate for 5/1 ARMs decreased to 3.34 percent
63,http://www.mba.org/2020-press-releases/april/mortgage-applications-decrease-in-latest-mba-weekly-survey-x263328,Mortgage Applications Decrease in Latest MBA Weekly Survey,"April 3, 2020",3.49,3.39,"interest rate for 30-year fixed-rate mortgages with conforming loan balances ($510,400 or less) increased to 3.49 percent",interest rate for 5/1 ARMs increased to 3.39 percent
64,http://www.mba.org/2020-press-releases/april/mortgage-applications-increase-in-latest-mba-weekly-survey-x263323,Mortgage Applications Increase in Latest MBA Weekly Survey,"March 27, 2020",3.47,3.35,"interest rate for 30-year fixed-rate mortgages with conforming loan balances ($510,400 or less) decreased to 3.47 percent",interest rate for 5/1 ARMs decreased to 3.35 percent
65,http://www.mba.org/2020-press-releases/march/mortgage-applications-decrease-in-latest-mba-weekly-survey-x263222,Mortgage Applications Decrease in Latest MBA Weekly Survey,"March 20, 2020",3.82,3.38,"interest rate for 30-year fixed-rate mortgages with conforming loan balances ($510,400 or less) increased to 3.82 percent",interest rate for 5/1 ARMs increased to 3.38 percent
66,http://www.mba.org/2020-press-releases/march/mortgage-applications-decrease-in-latest-mba-weekly-survey-x262880,Mortgage Applications Decrease in Latest MBA Weekly Survey,"March 13, 2020",3.74,3.19,"interest rate for 30-year fixed-rate mortgages with conforming loan balances ($510,400 or less) increased to 3.74 percent",interest rate for 5/1 ARMs increased to 3.19 percent
67,http://www.mba.org/2020-press-releases/march/mortgage-applications-increase-in-latest-mba-weekly-survey-mba-doubles-2020-refinance-originations-forecast,Mortgage Applications Increase in Latest MBA Weekly Survey; MBA Doubles 2020 Refinance Originations Forecast,"March 6, 2020",3.47,3.02,"interest rate for 30-year fixed-rate mortgages with conforming loan balances ($510,400 or less) decreased to the lowest level since December 2012, equaling the lowest level in survey history at 3.47 percent",interest rate for 5/1 ARMs decreased to 3.02 percent
68,http://www.mba.org/2020-press-releases/march/mortgage-applications-increase-in-latest-mba-weekly-survey,Mortgage Applications Increase in Latest MBA Weekly Survey,"February 28, 2020",3.57,3.12,"interest rate for 30-year fixed-rate mortgages with conforming loan balances ($510,400 or less) decreased to 3.57 percent",interest rate for 5/1 ARMs decreased to 3.12 percent
69,http://www.mba.org/2020-press-releases/february/mortgage-applications-increase-in-latest-mba-weekly-survey-x262683,Mortgage Applications Increase in Latest MBA Weekly Survey,"February 21, 2020",3.73,3.21,"interest rate for 30-year fixed-rate mortgages with conforming loan balances ($510,400 or less) decreased to 3.73 percent",interest rate for 5/1 ARMs decreased to 3.21 percent
70,http://www.mba.org/2020-press-releases/february/mortgage-applications-decrease-in-latest-mba-weekly-survey,Mortgage Applications Decrease in Latest MBA Weekly Survey,"February 14, 2020",3.77,3.23,"interest rate for 30-year fixed-rate mortgages with conforming loan balances ($510,400 or less) increased to 3.77 percent",interest rate for 5/1 ARMs increased to 3.23 percent
71,http://www.mba.org/2020-press-releases/february/mortgage-applications-increase-in-latest-mba-weekly-survey-x262328,Mortgage Applications Increase in Latest MBA Weekly Survey,"February 7, 2020",3.72,3.21,"interest rate for 30-year fixed-rate mortgages with conforming loan balances ($510,400 or less) increased to 3.72 percent",interest rate for 5/1 ARMs decreased to 3.21 percent
72,http://www.mba.org/2020-press-releases/february/mortgage-applications-increase-in-latest-mba-weekly-survey-x262318,Mortgage Applications Increase in Latest MBA Weekly Survey,"January 31, 2020",3.71,3.23,"interest rate for 30-year fixed-rate mortgages with conforming loan balances ($510,400 or less) decreased to 3.71 percent",interest rate for 5/1 ARMs increased to 3.23 percent
73,http://www.mba.org/2020-press-releases/january/mortgage-applications-increase-in-latest-mba-weekly-survey-x261995,Mortgage Applications Increase in Latest MBA Weekly Survey,"January 24, 2020",3.81,3.15,"interest rate for 30-year fixed-rate mortgages with conforming loan balances ($510,400 or less) decreased to 3.81 percent",interest rate for 5/1 ARMs decreased to 3.15 percent
74,http://www.mba.org/2020-press-releases/january/mortgage-applications-decrease-in-latest-mba-weekly-survey-x261994,Mortgage Applications Decrease in Latest MBA Weekly Survey,"January 17, 2020",3.87,3.29,"interest rate for 30-year fixed-rate mortgages with conforming loan balances ($510,400 or less) remained unchanged at 3.87 percent",interest rate for 5/1 ARMs decreased to 3.29 percent
75,http://www.mba.org/2020-press-releases/january/mortgage-applications-increase-in-latest-mba-weekly-survey-x261846,Mortgage Applications Increase in Latest MBA Weekly Survey,"January 10, 2020",3.87,3.35,"interest rate for 30-year fixed-rate mortgages with conforming loan balances ($510,400 or less) decreased to the lowest level since September 2019, 3.87 percent",interest rate for 5/1 ARMs increased to 3.35 percent
76,http://www.mba.org/2020-press-releases/january/mortgage-applications-decreased-over-two-week-period-in-latest-mba-weekly-survey,Mortgage Applications Decreased Over Two Week Period in Latest MBA Weekly Survey,"January 3, 2020",3.91,3.19,"interest rate for 30-year fixed-rate mortgages with conforming loan balances ($484,350 or less) decreased to 3.91 percent",interest rate for 5/1 ARMs decreased to 3.19 percent
77,http://www.mba.org/2019-press-releases/december/mortgage-applications-decrease-in-latest-mba-weekly-survey-x261776,Mortgage Applications Decrease in Latest MBA Weekly Survey,"December 20, 2019",3.99,3.38,"interest rate for 30-year fixed-rate mortgages with conforming loan balances ($484,350 or less) increased to 3.99 percent",interest rate for 5/1 ARMs increased to 3.38 percent
78,http://www.mba.org/2019-press-releases/december/mortgage-applications-decrease-in-latest-mba-weekly-survey-x261714,Mortgage Applications Decrease in Latest MBA Weekly Survey,"December 13, 2019",3.98,3.28,"interest rate for 30-year fixed-rate mortgages with conforming loan balances ($484,350 or less) remained unchanged at 3.98 percent",interest rate for 5/1 ARMs decreased to 3.28 percent
79,http://www.mba.org/2019-press-releases/december/mortgage-applications-increase-in-latest-mba-weekly-survey,Mortgage Applications Increase in Latest MBA Weekly Survey,"December 6, 2019",3.98,3.52,"interest rate for 30-year fixed-rate mortgages with conforming loan balances ($484,350 or less) increased to 3.98 percent",interest rate for 5/1 ARMs increased to 3.52 percent
80,http://www.mba.org/2019-press-releases/december/mortgage-applications-decrease-in-latest-mba-weekly-survey-x261706,Mortgage Applications Decrease in Latest MBA Weekly Survey,"November 29, 2019",3.97,3.28,"interest rate for 30-year fixed-rate mortgages with conforming loan balances ($484,350 or less) remained unchanged at 3.97 percent",interest rate for 5/1 ARMs decreased to 3.28 percent
81,http://www.mba.org/2019-press-releases/november/mortgage-applications-increase-in-latest-mba-weekly-survey-x261336,Mortgage Applications Increase in Latest MBA Weekly Survey,"November 22, 2019",3.97,3.42,"interest rate for 30-year fixed-rate mortgages with conforming loan balances ($484,350 or less) decreased to 3.97 percent",interest rate for 5/1 ARMs decreased to 3.42 percent
82,http://www.mba.org/2019-press-releases/november/mortgage-applications-decrease-in-latest-mba-weekly-survey-x261333,Mortgage Applications Decrease in Latest MBA Weekly Survey,"November 15, 2019",3.99,3.51,"interest rate for 30-year fixed-rate mortgages with conforming loan balances ($484,350 or less) decreased to 3.99 percent",interest rate for 5/1 ARMs increased to 3.51 percent
83,http://www.mba.org/2019-press-releases/november/mortgage-applications-increase-in-latest-mba-weekly-survey-x261100,Mortgage Applications Increase in Latest MBA Weekly Survey,"November 8, 2019",4.03,3.40,"interest rate for 30-year fixed-rate mortgages with conforming loan balances ($484,350 or less) increased to 4.03 percent",interest rate for 5/1 ARMs decreased to 3.40 percent
84,http://www.mba.org/2019-press-releases/november/mortgage-applications-decrease-in-latest-mba-weekly-survey-x261092,Mortgage Applications Decrease in Latest MBA Weekly Survey,"November 1, 2019",3.98,3.43,"interest rate for 30-year fixed-rate mortgages with conforming loan balances ($484,350 or less) decreased to 3.98 percent",interest rate for 5/1 ARMs remained unchanged at 3.43 percent
85,http://www.mba.org/2019-press-releases/october/mortgage-applications-increase-in-latest-mba-weekly-survey-x260981,Mortgage Applications Increase in Latest MBA Weekly Survey,"October 25, 2019",4.05,3.43,"interest rate for 30-year fixed-rate mortgages with conforming loan balances ($484,350 or less) increased to 4.05 percent",interest rate for 5/1 ARMs increased to 3.43 percent
86,http://www.mba.org/2019-press-releases/october/mortgage-applications-decrease-in-latest-mba-weekly-survey,Mortgage Applications Decrease in Latest MBA Weekly Survey,"October 18, 2019",4.02,3.29,"interest rate for 30-year fixed-rate mortgages with conforming loan balances ($484,350 or less) increased to 4.02 percent",interest rate for 5/1 ARMs decreased to 3.29 percent
87,http://www.mba.org/2019-press-releases/october/mortgage-applications-increase-in-latest-mba-weekly-survey-x260354,Mortgage Applications Increase in Latest MBA Weekly Survey,"October 11, 2019",3.92,3.37,"interest rate for 30-year fixed-rate mortgages with conforming loan balances ($484,350 or less) increased to 3.92 percent",interest rate for 5/1 ARMs increased to 3.37 percent
88,http://www.mba.org/2019-press-releases/october/mortgage-applications-increase-in-latest-mba-weekly-survey-x260352,Mortgage Applications Increase in Latest MBA Weekly Survey,"October 4, 2019",3.90,3.25,"interest rate for 30-year fixed-rate mortgages with conforming loan balances ($484,350 or less) decreased to 3.90 percent",interest rate for 5/1 ARMs decreased to 3.25 percent
89,http://www.mba.org/2019-press-releases/october/mortgage-applications-increase-in-latest-mba-weekly-survey-x260349,Mortgage Applications Increase in Latest MBA Weekly Survey,"September 27, 2019",3.99,3.42,"interest rate for 30-year fixed-rate mortgages with conforming loan balances ($484,350 or less) decreased to 3.99 percent",interest rate for 5/1 ARMs increased to 3.42 percent
90,http://www.mba.org/2019-press-releases/september/mortgage-applications-decrease-in-latest-mba-weekly-survey-x259066,Mortgage Applications Decrease in Latest MBA Weekly Survey,"September 20, 2019",4.02,3.39,"interest rate for 30-year fixed-rate mortgages with conforming loan balances ($484,350 or less) increased to 4.02 percent",interest rate for 5/1 ARMs decreased to 3.39 percent
91,http://www.mba.org/2019-press-releases/september/mortgage-applications-flat-in-latest-mba-weekly-survey,Mortgage Applications Flat in Latest MBA Weekly Survey,"September 13, 2019",4.01,3.54,"interest rate for 30-year fixed-rate mortgages with conforming loan balances ($484,350 or less) increased to 4.01 percent",interest rate for 5/1 ARMs increased to 3.54 percent
92,http://www.mba.org/2019-press-releases/september/mortgage-applications-increase-in-latest-mba-weekly-survey,Mortgage Applications Increase in Latest MBA Weekly Survey,"September 6, 2019",3.82,3.42,"interest rate for 30-year fixed-rate mortgages with conforming loan balances ($484,350 or less) decreased to 3.82 percent",interest rate for 5/1 ARMs increased to 3.42 percent
93,http://www.mba.org/2019-press-releases/september/mortgage-applications-decrease-in-latest-mba-weekly-survey-x258549,Mortgage Applications Decrease in Latest MBA Weekly Survey,"August 30, 2019",3.87,3.40,"interest rate for 30-year fixed-rate mortgages with conforming loan balances ($484,350 or less) decreased to 3.87 percent",interest rate for 5/1 ARMs decreased to 3.40 percent
94,http://www.mba.org/2019-press-releases/august/mortgage-applications-decrease-in-latest-mba-weekly-survey-x257920,Mortgage Applications Decrease in Latest MBA Weekly Survey,"August 23, 2019",3.94,3.42,"interest rate for 30-year fixed-rate mortgages with conforming loan balances ($484,350 or less) increased to 3.94 percent",interest rate for 5/1 ARMs increased to 3.42 percent
95,http://www.mba.org/2019-press-releases/august/mortgage-applications-decrease-in-latest-mba-weekly-survey-x257719,Mortgage Applications Decrease in Latest MBA Weekly Survey,"August 16, 2019",3.90,3.35,"interest rate for 30-year fixed-rate mortgages with conforming loan balances ($484,350 or less) decreased to 3.90 percent",interest rate for 5/1 ARMs decreased to 3.35 percent
96,http://www.mba.org/2019-press-releases/august/mortgage-applications-increase-in-latest-mba-weekly-survey-x257611,Mortgage Applications Increase in Latest MBA Weekly Survey,"August 9, 2019",3.93,3.43,"interest rate for 30-year fixed-rate mortgages with conforming loan balances ($484,350 or less) decreased to its lowest level since November 2016, 3.93 percent",interest rate for 5/1 ARMs increased to 3.43 percent
97,http://www.mba.org/2019-press-releases/august/mortgage-applications-increase-in-latest-mba-weekly-survey-x257243,Mortgage Applications Increase in Latest MBA Weekly Survey,"August 2, 2019",4.01,3.36,"interest rate for 30-year fixed-rate mortgages with conforming loan balances ($484,350 or less) decreased to 4.01 percent",interest rate for 5/1 ARMs decreased to 3.36 percent
98,http://www.mba.org/2019-press-releases/july/mortgage-applications-decrease-in-latest-mba-weekly-survey-x257028,Mortgage Applications Decrease in Latest MBA Weekly Survey,"July 26, 2019",4.08,3.52,"interest rate for 30-year fixed-rate mortgages with conforming loan balances ($484,350 or less) remained unchanged at 4.08 percent",interest rate for 5/1 ARMs decreased to 3.52 percent
99,http://www.mba.org/2019-press-releases/july/mortgage-applications-decrease-in-latest-mba-weekly-survey-x256683,Mortgage Applications Decrease in Latest MBA Weekly Survey,"July 19, 2019",4.08,3.57,"interest rate for 30-year fixed-rate mortgages with conforming loan balances ($484,350 or less) decreased to 4.08 percent",interest rate for 5/1 ARMs decreased to 3.57 percent
100,http://www.mba.org/2019-press-releases/july/mortgage-applications-decrease-in-latest-mba-weekly-survey-x256682,Mortgage Applications Decrease in Latest MBA Weekly Survey,"July 12, 2019",4.12,3.58,"interest rate for 30-year fixed-rate mortgages with conforming loan balances ($484,350 or less) increased to 4.12 percent",interest rate for 5/1 ARMs increased to 3.58 percent
101,http://www.mba.org/2019-press-releases/july/mortgage-applications-decrease-in-latest-mba-weekly-survey-x256348,Mortgage Applications Decrease in Latest MBA Weekly Survey,"July 5, 2019",4.04,3.56,"interest rate for 30-year, fixed-rate mortgages with conforming loan balances ($484,350 or less) decreased to 4.04 percent",interest rate for 5/1 ARMs increased to 3.56 percent
102,http://www.mba.org/2019-press-releases/july/mortgage-applications-decreased-slightly-in-latest-mba-weekly-survey,Mortgage Applications Decreased Slightly in Latest MBA Weekly Survey,"June 28, 2019",4.07,3.46,"interest rate for 30-year fixed-rate mortgages with conforming loan balances ($484,350 or less) increased to 4.07 percent",interest rate for 5/1 ARMs decreased to 3.46 percent
103,http://www.mba.org/2019-press-releases/june/mortgage-applications-increase-in-latest-mba-weekly-survey-x254905,Mortgage Applications Increase in Latest MBA Weekly Survey,"June 21, 2019",4.06,3.50,"interest rate for 30-year fixed-rate mortgages with conforming loan balances ($484,350 or less) decreased to 4.06 percent",interest rate for 5/1 ARMs increased to 3.50 percent
104,http://www.mba.org/2019-press-releases/june/mortgage-applications-decrease-in-latest-mba-weekly-survey,Mortgage Applications Decrease in Latest MBA Weekly Survey,"June 14, 2019",4.14,3.45,"interest rate for 30-year fixed-rate mortgages with conforming loan balances ($484,350 or less) increased to 4.14 percent",interest rate for 5/1 ARMs increased to 3.45 percent
105,http://www.mba.org/2019-press-releases/june/mortgage-applications-increase-in-latest-mba-weekly-survey-x254643,Mortgage Applications Increase in Latest MBA Weekly Survey,"June 7, 2019",4.12,3.43,"interest rate for 30-year fixed-rate mortgages with conforming loan balances ($484,350 or less) decreased to 4.12 percent",interest rate for 5/1 ARMs decreased to 3.43 percent
106,http://www.mba.org/2019-press-releases/june/mortgage-applications-increase-in-latest-mba-weekly-survey-x254333,Mortgage Applications Increase in Latest MBA Weekly Survey,"May 31, 2019",4.23,3.62,"interest rate for 30-year fixed-rate mortgages with conforming loan balances ($484,350 or less) decreased to 4.23 percent",interest rate for 5/1 ARMs decreased to 3.62 percent
107,http://www.mba.org/2019-press-releases/may/mortgage-applications-decrease-in-latest-mba-weekly-survey-x253177,Mortgage Applications Decrease in Latest MBA Weekly Survey,"May 24, 2019",4.33,3.74,"interest rate for 30-year fixed-rate mortgages with conforming loan balances ($484,350 or less) remained unchanged from 4.33 percent",interest rate for 5/1 ARMs increased to 3.74 percent
108,http://www.mba.org/2019-press-releases/may/mortgage-applications-increase-in-latest-mba-weekly-survey-x253176,Mortgage Applications Increase in Latest MBA Weekly Survey,"May 17, 2019",4.33,3.57,"interest rate for 30-year fixed-rate mortgages with conforming loan balances ($484,350 or less) decreased to 4.33 percent",interest rate for 5/1 ARMs decreased to 3.57 percent
109,http://www.mba.org/2019-press-releases/may/mortgage-applications-decrease-in-latest-mba-weekly-survey-x253008,Mortgage Applications Decrease in Latest MBA Weekly Survey,"May 10, 2019",4.40,3.82,"interest rate for 30-year fixed-rate mortgages with conforming loan balances ($484,350 or less) decreased to 4.40 percent",interest rate for 5/1 ARMs decreased to 3.82 percent
110,http://www.mba.org/2019-press-releases/may/mortgage-applications-increase-in-latest-mba-weekly-survey-x252452,Mortgage Applications Increase in Latest MBA Weekly Survey,"May 3, 2019",4.41,3.88,"interest rate for 30-year fixed-rate mortgages with conforming loan balances ($484,350 or less) decreased to 4.41 percent",interest rate for 5/1 ARMs increased to 3.88 percent
111,http://www.mba.org/2019-press-releases/may/mortgage-applications-decrease-in-latest-mba-weekly-survey-x252453,Mortgage Applications Decrease in Latest MBA Weekly Survey,"April 26, 2019",4.42,3.81,"interest rate for 30-year fixed-rate mortgages with conforming loan balances ($484,350 or less) decreased to 4.42 percent",interest rate for 5/1 ARMs decreased to 3.81 percent
112,http://www.mba.org/2019-press-releases/april/mortgage-applications-decrease-in-latest-mba-weekly-survey-x251728,Mortgage Applications Decrease in Latest MBA Weekly Survey,"April 19, 2019",4.46,3.92,"interest rate for 30-year fixed-rate mortgages with conforming loan balances ($484,350 or less) increased to 4.46 percent",interest rate for 5/1 ARMs increased to 3.92 percent
113,http://www.mba.org/2019-press-releases/april/mortgage-applications-decrease-in-latest-mba-weekly-survey-x251726,Mortgage Applications Decrease in Latest MBA Weekly Survey,"April 12, 2019",4.44,3.88,"interest rate for 30-year fixed-rate mortgages with conforming loan balances ($484,350 or less) increased to 4.44 percent",interest rate for 5/1 ARMs increased to 3.88 percent
114,http://www.mba.org/2019-press-releases/april/mortgage-applications-decrease-in-latest-mba-weekly-survey-x251289,Mortgage Applications Decrease in Latest MBA Weekly Survey,"April 5, 2019",4.40,3.78,"interest rate for 30-year fixed-rate mortgages with conforming loan balances ($484,350 or less) increased to 4.40 percent",interest rate for 5/1 ARMs increased to 3.78 percent
115,http://www.mba.org/2019-press-releases/april/mortgage-applications-increase-in-latest-mba-weekly-survey,Mortgage Applications Increase in Latest MBA Weekly Survey,"March 29, 2019",4.36,3.77,"interest rate for 30-year fixed-rate mortgages with conforming loan balances ($484,350 or less) decreased to 4.36 percent",interest rate for 5/1 ARMs remained unchanged at 3.77 percent
116,http://www.mba.org/2019-press-releases/march/mortgage-applications-increase-in-latest-mba-weekly-survey-x250985,Mortgage Applications Increase in Latest MBA Weekly Survey,"March 22, 2019",4.45,3.77,"interest rate for 30-year fixed-rate mortgages with conforming loan balances ($484,350 or less) decreased to 4.45 percent",interest rate for 5/1 ARMs decreased to 3.77 percent
117,http://www.mba.org/2019-press-releases/march/mortgage-applications-increase-in-latest-mba-weekly-survey-x250273,Mortgage Applications Increase in Latest MBA Weekly Survey,"March 15, 2019",4.55,3.99,"interest rate for 30-year fixed-rate mortgages with conforming loan balances ($484,350 or less) decreased to 4.55 percent",interest rate for 5/1 ARMs decreased to 3.99 percent
118,http://www.mba.org/2019-press-releases/march/mortgage-applications-increase-in-latest-mba-weekly-survey-x249792,Mortgage Applications Increase in Latest MBA Weekly Survey,"March 8, 2019",4.64,4.09,"interest rate for 30-year fixed-rate mortgages with conforming loan balances ($484,350 or less) decreased to 4.64 percent",interest rate for 5/1 ARMs increased to 4.09 percent
119,http://www.mba.org/2019-press-releases/march/mortgage-applications-decrease-in-latest-mba-weekly-survey,Mortgage Applications Decrease in Latest MBA Weekly Survey,"March 1, 2019",4.67,4.08,"interest rate for 30-year fixed-rate mortgages with conforming loan balances ($484,350 or less) increased to 4.67 percent",interest rate for 5/1 ARMs increased to 4.08 percent
120,http://www.mba.org/2019-press-releases/february/mortgage-applications-increase-in-latest-mba-weekly-survey-x248874,Mortgage Applications Increase in Latest MBA Weekly Survey,"February 22, 2019",4.65,3.95,"interest rate for 30-year fixed-rate mortgages with conforming loan balances ($484,350 or less) decreased to 4.65 percent",interest rate for 5/1 ARMs decreased to 3.95 percent
121,http://www.mba.org/2019-press-releases/february/mortgage-applications-increase-in-latest-mba-weekly-survey-x248855,Mortgage Applications Increase in Latest MBA Weekly Survey,"February 15, 2019",4.66,4.00,"interest rate for 30-year fixed-rate mortgages with conforming loan balances ($484,350 or less) increased to 4.66 percent",interest rate for 5/1 ARMs increased to 4.00 percent
122,http://www.mba.org/2019-press-releases/february/mortgage-applications-decline-in-latest-mba-weekly-survey,Mortgage Applications Decline in Latest MBA Weekly Survey,"February 8, 2019",4.65,3.97,"interest rate for 30-year fixed-rate mortgages with conforming loan balances ($484,350 or less) decreased to 4.65 percent",interest rate for 5/1 ARMs decreased to 3.97 percent
123,http://www.mba.org/2019-press-releases/january/mortgage-applications-decrease-in-latest-mba-weekly-survey-x247860,Mortgage Applications Decrease in Latest MBA Weekly Survey,"January 25, 2019",4.76,4.14,"interest rate for 30-year fixed-rate mortgages with conforming loan balances ($484,350 or less) increased to 4.76 percent",interest rate for 5/1 ARMs increased to 4.14 percent
124,http://www.mba.org/2019-press-releases/january/mortgage-applications-increase-in-latest-mba-weekly-survey,Mortgage Applications Increase in Latest MBA Weekly Survey,"January 11, 2019",4.74,4.08,"interest rate for 30-year fixed-rate mortgages with conforming loan balances ($484,350 or less) remain unchanged at 4.74 percent",interest rate for 5/1 ARMs increased to 4.08 percent
125,http://www.mba.org/2019-press-releases/january/mortgage-applications-rebound-in-latest-mba-weekly-survey,Mortgage Applications Rebound in Latest MBA Weekly Survey,"January 4, 2019",4.74,4.05,"interest rate for 30-year fixed-rate mortgages with conforming loan balances ($484,350 or less) decreased to its lowest level since April 2018, 4.74 percent","interest rate for 5/1 ARMs decreased to its lowest level since August 2018, 4.05 percent"
126,http://www.mba.org/2018-press-releases/december/mortgage-applications-decrease-in-latest-mba-weekly-survey,Mortgage Applications Decrease in Latest MBA Weekly Survey,"December 14, 2018",4.94,4.17,"interest rate for 30-year fixed-rate mortgages with conforming loan balances ($453,100 or less) decreased to its lowest level since September 2018, 4.94 percent","interest rate for 5/1 ARMs decreased to its lowest level since September 2018, 4.17 percent"
127,http://www.mba.org/2018-press-releases/december/mortgage-applications-increase-in-latest-mba-weekly-survey,Mortgage Applications Increase in Latest MBA Weekly Survey,"December 7, 2018",4.96,4.24,"interest rate for 30-year fixed-rate mortgages with conforming loan balances ($453,100 or less) decreased to 4.96 percent",interest rate for 5/1 ARMs decreased to 4.24 percent
128,http://www.mba.org/2018-press-releases/december/mortgage-applications-rise-in-latest-mba-weekly-survey,Mortgage Applications Rise in Latest MBA Weekly Survey,"November 30, 2018",5.08,4.33,"interest rate for 30-year fixed-rate mortgages with conforming loan balances ($453,100 or less) decreased to 5.08 percent",interest rate for 5/1 ARMs increased to 4.33 percent
129,http://www.mba.org/2018-press-releases/november/mortgage-applications-rise-in-latest-mba-weekly-survey,Mortgage Applications Rise in Latest MBA Weekly Survey,"November 23, 2018",5.12,4.29,"interest rate for 30-year fixed-rate mortgages with conforming loan balances ($453,100 or less) decreased to 5.12 percent",interest rate for 5/1 ARMs increased to 4.29 percent
130,http://www.mba.org/2018-press-releases/november/mortgage-applications-decrease-slightly-in-latest-mba-weekly-survey,Mortgage Applications Decrease Slightly in Latest MBA Weekly Survey,"November 16, 2018",5.16,4.24,"interest rate for 30-year fixed-rate mortgages with conforming loan balances ($453,100 or less) decreased to 5.16 percent",interest rate for 5/1 ARMs decreased to 4.24 percent
131,http://www.mba.org/2018-press-releases/november/mortgage-applications-decrease-in-latest-mba-weekly-survey-x243760,Mortgage Applications Decrease in Latest MBA Weekly Survey,"November 9, 2018",5.17,4.45,"interest rate for 30-year fixed-rate mortgages with conforming loan balances ($453,100 or less) increased to 5.17 percent",interest rate for 5/1 ARMs increased to 4.45 percent
132,http://www.mba.org/2018-press-releases/november/mortgage-applications-decrease-in-latest-mba-weekly-survey-x242862,Mortgage Applications Decrease in Latest MBA Weekly Survey,"November 2, 2018",5.15,4.36,"interest rate for 30-year fixed-rate mortgages with conforming loan balances ($453,100 or less) increased to 5.15 percent",interest rate for 5/1 ARMs increased to 4.36 percent
133,http://www.mba.org/2018-press-releases/october/mortgage-applications-increase-in-latest-mba-weekly-survey,Mortgage Applications Increase in Latest MBA Weekly Survey,"October 19, 2018",5.11,4.47,"interest rate for 30-year fixed-rate mortgages with conforming loan balances ($453,100 or less) increased to its highest level since February 2011, 5.11 percent","interest rate for 5/1 ARMs its highest level since the series began in 2011, 4.47 percent"
134,http://www.mba.org/2018-press-releases/october/mortgage-applications-decline-in-latest-mba-weekly-survey-x240821,Mortgage Applications Decline in Latest MBA Weekly Survey,"October 5, 2018",5.05,4.29,"interest rate for 30-year fixed-rate mortgages with conforming loan balances ($453,100 or less) increased to its highest level since February 2011, 5.05 percent","interest rate for 5/1 ARMs increased to its highest level since the series began in<br /> 2011, 4.29 percent"
135,http://www.mba.org/2018-press-releases/october/mortgage-applications-flat-in-latest-mba-weekly-survey,Mortgage Applications Flat in Latest MBA Weekly Survey,"September 28, 2018",4.96,4.24,"interest rate for 30-year fixed-rate mortgages with conforming loan balances ($453,100 or less) decreased to 4.96 percent","interest rate for 5/1 ARMs increased to its highest level in the history of the survey, 4.24 percent"
136,http://www.mba.org/2018-press-releases/september/mortgage-applications-increase-in-latest-mba-weekly-survey-x239832,Mortgage Applications Increase in Latest MBA Weekly Survey,"September 21, 2018",4.97,4.22,"interest rate for 30-year fixed-rate mortgages with conforming loan balances ($453,100 or less) increased to its highest level since April 2011, 4.97 percent","interest rate for 5/1 ARMs increased to its highest level in the history of the survey, 4.22 percent"
137,http://www.mba.org/2018-press-releases/september/mortgage-applications-increase-in-latest-mba-weekly-survey-x239801,Mortgage Applications Increase in Latest MBA Weekly Survey,"September 14, 2018",4.88,4.17,"interest rate for 30-year fixed-rate mortgages with conforming loan balances ($453,100 or less) increased to its highest level since April 2011, 4.88 percent",interest rate for 5/1 ARMs increased to 4.17 percent
138,http://www.mba.org/2018-press-releases/september/mortgage-applications-decrease-in-latest-mba-weekly-survey,Mortgage Applications Decrease in Latest MBA Weekly Survey,"September 7, 2018",4.84,4.07,"interest rate for 30-year fixed-rate mortgages with conforming loan balances ($453,100 or less) increased to 4.84 percent",interest rate for 5/1 ARMs decreased to 4.07 percent
139,http://www.mba.org/2018-press-releases/september/mortgage-applications-slightly-decrease-in-latest-mba-weekly-survey,Mortgage Applications Slightly Decrease in Latest MBA Weekly Survey,"August 31, 2018",4.80,4.09,"interest rate for 30-year fixed-rate mortgages with conforming loan balances ($453,100 or less) increased to 4.80 percent",interest rate for 5/1 ARMs increased to 4.09 percent
140,http://www.mba.org/2018-press-releases/august/mortgage-applications-decrease-in-latest-mba-weekly-survey-x238184,Mortgage Applications Decrease in Latest MBA Weekly Survey,"August 24, 2018",4.78,3.95,"interest rate for 30-year fixed-rate mortgages with conforming loan balances ($453,100 or less) decreased to 4.78 percent",interest rate for 5/1 ARMs decreased to 3.95 percent
141,http://www.mba.org/2018-press-releases/august/mortgage-applications-increase-in-latest-mba-weekly-survey,Mortgage Applications Increase in Latest MBA Weekly Survey,"August 17, 2018",4.81,4.00,"interest rate for 30-year fixed-rate mortgages with conforming loan balances ($453,100 or less) remained unchanged from 4.81 percent",interest rate for 5/1 ARMs decreased to 4.00 percent
142,http://www.mba.org/2018-press-releases/august/mortgage-applications-decrease-in-latest-mba-weekly-survey-x237765,Mortgage Applications Decrease in Latest MBA Weekly Survey,"August 10, 2018",4.81,4.06,"interest rate for 30-year fixed-rate mortgages with conforming loan balances ($453,100 or less) decreased to 4.81 percent",interest rate for 5/1 ARMs decreased to 4.06 percent
143,http://www.mba.org/2018-press-releases/august/mortgage-applications-decrease-in-latest-mba-weekly-survey-x237498,Mortgage Applications Decrease in Latest MBA Weekly Survey,"August 3, 2018",4.84,4.07,"interest rate for 30-year fixed-rate mortgages with conforming loan balances ($453,100 or less) remained unchanged at 4.84 percent",interest rate for 5/1 ARMs decreased to 4.07 percent
144,http://www.mba.org/2018-press-releases/august/mortgage-applications-decrease-in-latest-mba-weekly-survey-x237496,Mortgage Applications Decrease in Latest MBA Weekly Survey,"July 27, 2018",4.84,4.17,"interest rate for 30-year fixed-rate mortgages with conforming loan balances ($453,100 or less) increased to 4.84 percent","interest rate for 5/1 ARMs increased to its highest level in the history of the survey, 4.17 percent"
145,http://www.mba.org/2018-press-releases/july/mortgage-application-activity-and-rates-nearly-flat-in-latest-mba-weekly-survey,Mortgage Application Activity and Rates Nearly Flat in Latest MBA Weekly Survey,"July 20, 2018",4.77,4.09,"interest rate for 30-year fixed-rate mortgages with conforming loan balances ($453,100 or less) remained unchanged at 4.77 percent",interest rate for 5/1 ARMs decreased to 4.09 percent
146,http://www.mba.org/2018-press-releases/july/mortgage-applications-decrease-in-latest-mba-weekly-survey-x236524,Mortgage Applications Decrease in Latest MBA Weekly Survey,"July 13, 2018",4.77,4.12,"interest rate for 30-year fixed-rate mortgages with conforming loan balances ($453,100 or less) increased to 4.77 percent",interest rate for 5/1 ARMs decreased to 4.12 percent
147,http://www.mba.org/2018-press-releases/july/mortgage-applications-increase-in-latest-mba-weekly-survey,Mortgage Applications Increase in Latest MBA Weekly Survey,"July 6, 2018",4.76,4.13,"interest rate for 30-year fixed-rate mortgages with conforming loan balances ($453,100 or less) decreased to 4.76 percent","interest rate for 5/1 ARMs increased to its highest level in the history of the survey, 4.13 percent"
148,http://www.mba.org/2018-press-releases/july/mortgage-applications-decrease-in-latest-mba-weekly-survey-x236193,Mortgage Applications Decrease in Latest MBA Weekly Survey,"June 29, 2018",4.79,4.03,"interest rate for 30-year fixed-rate mortgages with conforming loan balances ($453,100 or less) decreased to 4.79 percent",interest rate for 5/1 ARMs increased to 4.03 percent
149,http://www.mba.org/2018-press-releases/june/mortgage-applications-decrease-in-latest-mba-weekly-survey-x235157,Mortgage Applications Decrease in Latest MBA Weekly Survey,"June 8, 2018",4.83,4.11,"interest rate for 30-year fixed-rate mortgages with conforming loan balances ($453,100 or less) increased to 4.83 percent",interest rate for 5/1 ARMs increased to 4.11 percent
150,http://www.mba.org/2018-press-releases/june/mortgage-applications-increase-in-latest-mba-weekly-survey-x234290,Mortgage Applications Increase in Latest MBA Weekly Survey,"June 1, 2018",4.75,4.08,"interest rate for 30-year fixed-rate mortgages with conforming loan balances ($453,100 or less) decreased to 4.75 percent",interest rate for 5/1 ARMs decreased to 4.08 percent
151,http://www.mba.org/2018-press-releases/may/mortgage-applications-decrease-in-latest-mba-weekly-survey-x234032,Mortgage Applications Decrease in Latest MBA Weekly Survey,"May 25, 2018",4.84,4.11,"interest rate for 30-year fixed-rate mortgages with conforming loan balances ($453,100 or less) decreased to 4.84 percent",interest rate for 5/1 ARMs decreased to 4.11 percent
152,http://www.mba.org/2018-press-releases/may/mortgage-rates-increase-applications-decrease-in-latest-mba-weekly-survey,"Mortgage Rates Increase, Applications Decrease in Latest MBA Weekly Survey","May 18, 2018",4.86,4.12,"interest rate for 30-year fixed-rate mortgages with conforming loan balances ($453,100 or less) increased to its highest level since April 2011, 4.86 percent","interest rate for 5/1 ARMs increased to its highest level in the history of the survey, 4.12 percent"
153,http://www.mba.org/2018-press-releases/may/mortgage-applications-decrease-in-latest-mba-weekly-survey-x192482,Mortgage Applications Decrease in Latest MBA Weekly Survey,"May 11, 2018",4.77,4.09,"interest rate for 30-year fixed-rate mortgages with conforming loan balances ($453,100 or less) decreased to 4.77 percent","interest rate for 5/1 ARMs increased to its highest level in the history of the survey, 4.09 percent"
154,http://www.mba.org/2018-press-releases/may/mortgage-applications-slightly-decrease-in-latest-mba-weekly-survey,Mortgage Applications Slightly Decrease in Latest MBA Weekly Survey,"May 4, 2018",4.78,4.00,"interest rate for 30-year fixed-rate mortgages with conforming loan balances ($453,100 or less) decreased to 4.78 percent",interest rate for 5/1 ARMs decreased to 4.00 percent
155,http://www.mba.org/2018-press-releases/may/mortgage-credit-availability-unchanged-in-april,Mortgage Credit Availability Unchanged in April,,,,,
156,http://www.mba.org/2018-press-releases/may/mortgage-applications-decrease-in-latest-mba-weekly-survey-x192163,Mortgage Applications Decrease in Latest MBA Weekly Survey,"April 27, 2018",4.80,4.03,"interest rate for 30-year fixed-rate mortgages with conforming loan balances ($453,100 or less) increased to its highest level since September 2013, 4.80 percent",interest rate for 5/1 ARMs increased to a survey high of 4.03 percent
157,http://www.mba.org/2018-press-releases/april/mortgage-applications-slightly-decrease-in-latest-mba-weekly-survey,Mortgage Applications Slightly Decrease in Latest MBA Weekly Survey,"April 20, 2018",4.73,3.98,"interest rate for 30-year fixed-rate mortgages with conforming loan balances ($453,100 or less) increased to its highest level since September 2013, 4.73 percent","interest rate for 5/1 ARMs increased to its highest level since February 2011, 3.98 percent"
158,http://www.mba.org/2018-press-releases/april/mortgage-applications-increase-in-latest-mba-weekly-survey,Mortgage Applications Increase in Latest MBA Weekly Survey,"April 13, 2018",4.66,3.94,"interest rate for 30-year fixed-rate mortgages with conforming loan balances ($453,100 or less) remained unchanged at 4.66 percent",interest rate for 5/1 ARMs increased to 3.94 percent
159,http://www.mba.org/2018-press-releases/march/mortgage-applications-decrease-in-latest-mba-weekly-survey-x190159,Mortgage Applications Decrease in Latest MBA Weekly Survey,"March 30, 2018",4.69,3.87,"interest rate for 30-year fixed-rate mortgages with conforming loan balances ($453,100 or less) remained unchanged at 4.69 percent",interest rate for 5/1 ARMs decreased to 3.87 percent
160,http://www.mba.org/2018-press-releases/march/mortgage-applications-increase-in-latest-mba-weekly-survey,Mortgage Applications Increase in Latest MBA Weekly Survey,"March 23, 2018",4.69,3.92,"interest rate for 30-year fixed-rate mortgages with conforming loan balances ($453,100 or less) increased to 4.69 percent",interest rate for 5/1 ARMs increased to 3.92 percent
161,http://www.mba.org/2018-press-releases/march/mortgage-applications-decrease-in-latest-mba-weekly-survey-x189350,Mortgage Applications Decrease in Latest MBA Weekly Survey,"March 16, 2018",4.68,3.83,"interest rate for 30-year fixed-rate mortgages with conforming loan balances ($453,100 or less) decreased to 4.68 percent",interest rate for 5/1 ARMs decreased to 3.83 percent
162,http://www.mba.org/2018-press-releases/march/purchase-apps-up-refis-down-in-latest-mba-weekly-survey,"Purchase Apps Up, Refis Down in Latest MBA Weekly Survey","March 9, 2018",4.69,3.93,"interest rate for 30-year fixed-rate mortgages with conforming loan balances ($453,100 or less) increased to its highest level since January 2014, 4.69 percent","interest rate for 5/1 ARMs increased to its highest level since February 2011, 3.93 percent"
163,http://www.mba.org/2018-press-releases/march/mortgage-applications-slightly-increase-in-latest-mba-weekly-survey,Mortgage Applications Slightly Increase in Latest MBA Weekly Survey,"March 2, 2018",4.65,3.81,"interest rate for 30-year fixed-rate mortgages with conforming loan balances ($453,100 or less) increased to its highest level since January 2014, 4.65 percent",interest rate for 5/1 ARMs decreased to 3.81 percent
164,http://www.mba.org/2018-press-releases/february/mortgage-applications-increase-in-latest-mba-weekly-survey,Mortgage Applications Increase in Latest MBA Weekly Survey,"February 23, 2018",4.64,3.85,"interest rate for 30-year fixed-rate mortgages with conforming loan balances ($453,100 or less) remained unchanged from last week at 4.64 percent","interest rate for 5/1 ARMs increased to its highest level since February 2011, 3.85 percent"
165,http://www.mba.org/2018-press-releases/february/mortgage-applications-decrease-in-latest-mba-weekly-survey-x187708,Mortgage Applications Decrease in Latest MBA Weekly Survey,"February 16, 2018",4.64,3.72,"interest rate for 30-year fixed-rate mortgages with conforming loan balances ($453,100 or less) increased to its highest level since January 2014, 4.64 percent",interest rate for 5/1 ARMs decreased to 3.72 percent
166,http://www.mba.org/2018-press-releases/february/mortgage-applications-decrease-in-latest-mba-weekly-survey-x187556,Mortgage Applications Decrease in Latest MBA Weekly Survey,"February 9, 2018",4.57,3.74,"interest rate for 30-year fixed-rate mortgages with conforming loan balances ($453,100 or less) increased to its highest rate since January 2014, 4.57 percent",interest rate for 5/1 ARMs decreased to 3.74 percent
167,http://www.mba.org/2018-press-releases/february/mortgage-applications-slightly-increase-in-latest-mba-weekly-survey,Mortgage Applications Slightly Increase in Latest MBA Weekly Survey,"February 2, 2018",4.50,3.77,"interest rate for 30-year fixed-rate mortgages with conforming loan balances ($453,100 or less) increased to its highest level since April 2014, 4.50 percent",interest rate for 5/1 ARMs decreased to 3.77 percent
168,http://www.mba.org/2018-press-releases/january/mortgage-applications-decrease-in-latest-mba-weekly-survey,Mortgage Applications Decrease in Latest MBA Weekly Survey,"January 26, 2018",4.41,3.79,"interest rate for 30-year fixed-rate mortgages with conforming loan balances ($453,100 or less) increased to its highest level since March 2017, 4.41 percent","interest rate for 5/1 ARMs increased to its highest level since March 2011, 3.79 percent"
169,http://www.mba.org/2018-press-releases/january/mortgage-applications-increase-in-latest-mba-weekly-survey-x185871,Mortgage Applications Increase in Latest MBA Weekly Survey,"January 19, 2018",4.36,3.70,"interest rate for 30-year fixed-rate mortgages with conforming loan balances ($453,100 or less) increased to its highest level since March 2017, 4.36 percent","interest rate for 5/1 ARMs increased to its highest level since April 2011, 3.70 percent"
170,http://www.mba.org/2018-press-releases/january/mortgage-applications-increase-in-latest-mba-weekly-survey-x185869,Mortgage Applications Increase in Latest MBA Weekly Survey,"January 12, 2018",4.33,3.62,"interest rate for 30-year fixed-rate mortgages with conforming loan balances ($453,100 or less) increased to its highest level since March 2017, 4.33 percent","interest rate for 5/1 ARMs increased to its highest level since April 2011, 3.62 percent"
171,http://www.mba.org/2018-press-releases/january/mortgage-applications-increase-in-latest-mba-weekly-survey-x183186,Mortgage Applications Increase in Latest MBA Weekly Survey,"January 5, 2018",4.23,3.50,"interest rate for 30-year fixed-rate mortgages with conforming loan balances ($453,100 or less) increased to 4.23 percent",interest rate for 5/1 ARMs decreased to 3.50 percent
172,http://www.mba.org/2018-press-releases/january/mortgage-applications-decrease-over-two-week-period-in-latest-mba-survey,Mortgage Applications Decrease Over Two Week Period in Latest MBA Survey,"December 29, 2017",4.25,3.40,"interest rate for 30-year fixed-rate mortgages with conforming loan balances ($424,100 or less) remained unchanged from the week prior at 4.25 percent",interest rate for 5/1 ARMs decreased to 3.40 percent
173,http://www.mba.org/2017-press-releases/december/mortgage-applications-decrease-in-latest-mba-weekly-survey-x182903,Mortgage Applications Decrease in Latest MBA Weekly Survey,"December 15, 2017",4.16,3.49,"interest rate for 30-year fixed-rate mortgages with conforming loan balances ($424,100 or less) decreased to 4.16 percent",interest rate for 5/1 ARMs increased to 3.49 percent
174,http://www.mba.org/2017-press-releases/december/mortgage-applications-decrease-in-latest-mba-weekly-survey-x183178,Mortgage Applications Decrease in Latest MBA Weekly Survey,"December 8, 2017",4.20,3.42,"interest rate for 30-year fixed-rate mortgages with conforming loan balances ($424,100 or less) increased to 4.20 percent",interest rate for 5/1 ARMs decreased to 3.42 percent
175,http://www.mba.org/2017-press-releases/november/mortgage-applications-increase-in-latest-mba-weekly-survey-x182898,Mortgage Applications Increase in Latest MBA Weekly Survey,"December 1, 2017",4.19,3.48,"interest rate for 30-year fixed-rate mortgages with conforming loan balances ($424,100 or less) decreased to 4.19 percent",interest rate for 5/1 ARMs increased to 3.48 percent
176,http://www.mba.org/2017-press-releases/november/mortgage-applications-decrease-in-latest-mba-weekly-survey-x182478,Mortgage Applications Decrease in Latest MBA Weekly Survey,"November 24, 2017",4.20,3.42,"interest rate for 30-year fixed-rate mortgages with conforming loan balances ($424,100 or less) remained unchanged from the week prior at 4.20 percent",interest rate for 5/1 ARMs increased to 3.42 percent
177,http://www.mba.org/2017-press-releases/november/mortgage-applications-slightly-increase-in-latest-mba-weekly-survey,Mortgage Applications Slightly Increase in Latest MBA Weekly Survey,"November 17, 2017",4.20,3.31,"interest rate for 30-year fixed-rate mortgages with conforming loan balances ($424,100 or less) increased to 4.20 percent",interest rate for 5/1 ARMs decreased to 3.31 percent
178,http://www.mba.org/2017-press-releases/november/mortgage-applications-increase-in-latest-mba-weekly-survey-x181805,Mortgage Applications Increase in Latest MBA Weekly Survey,"November 10, 2017",4.18,3.41,"interest rate for 30-year fixed-rate mortgages with conforming loan balances ($424,100 or less) remained unchanged at 4.18 percent","interest rate for 5/1 ARMs increased to its highest level since March 2017, 3.41 percent"
179,http://www.mba.org/2017-press-releases/november/mortgage-applications-flat-in-latest-mba-weekly-survey,Mortgage Applications Flat in Latest MBA Weekly Survey,"November 3, 2017",4.18,3.33,"interest rate for 30-year fixed-rate mortgages with conforming loan balances ($424,100 or less) decreased to 4.18 percent",interest rate for 5/1 ARMs remained unchanged from the week prior at 3.33 percent
180,http://www.mba.org/2017-press-releases/november/mortgage-applications-decrease-in-latest-mba-weekly-survey-x180874,Mortgage Applications Decrease in Latest MBA Weekly Survey,"October 27, 2017",4.22,3.33,"interest rate for 30-year fixed-rate mortgages with conforming loan balances ($424,100 or less) increased to its highest level since July 2017, 4.22 percent",interest rate for 5/1 ARMs increased to 3.33 percent
181,http://www.mba.org/2017-press-releases/october/mortgage-applications-decrease-in-latest-mba-weekly-survey-x180867,Mortgage Applications Decrease in Latest MBA Weekly Survey,"October 20, 2017",4.18,3.29,"interest rate for 30-year fixed-rate mortgages with conforming loan balances ($424,100 or less) increased to 4.18 percent",interest rate for 5/1 ARMs decreased to 3.29 percent
182,http://www.mba.org/2017-press-releases/october/mortgage-applications-increase-in-latest-mba-weekly-survey,Mortgage Applications Increase in Latest MBA Weekly Survey,"October 13, 2017",4.14,3.31,"interest rate for 30-year fixed-rate mortgages with conforming loan balances ($424,100 or less) decreased to 4.14 percent",interest rate for 5/1 ARMs decreased to 3.31 percent
183,http://www.mba.org/2017-press-releases/october/mortgage-applications-decrease-in-latest-mba-weekly-survey-x180201,Mortgage Applications Decrease in Latest MBA Weekly Survey,"October 6, 2017",4.16,3.33,"interest rate for 30-year fixed-rate mortgages with conforming loan balances ($424,100 or less) increased to 4.16 percent",interest rate for 5/1 ARMs increased to 3.33 percent
184,http://www.mba.org/2017-press-releases/september/purchase-apps-up-refi-apps-down-in-latest-mba-weekly-survey,"Purchase Apps Up, Refi Apps Down in Latest MBA Weekly Survey","September 29, 2017",4.12,3.30,"interest rate for 30-year fixed-rate mortgages with conforming loan balances ($424,100 or less) increased to 4.12 percent",interest rate for 5/1 ARMs decreased to 3.30 percent
185,http://www.mba.org/2017-press-releases/september/mortgage-applications-slightly-decrease-in-latest-mba-weekly-survey,Mortgage Applications Slightly Decrease in Latest MBA Weekly Survey,"September 22, 2017",4.11,3.38,"interest rate for 30-year fixed-rate mortgages with conforming loan balances ($424,100 or less) increased to 4.11 percent",interest rate for 5/1 ARMs increased to 3.38 percent
186,http://www.mba.org/2017-press-releases/september/mismo-seeks-input-on-online-notary-standards,MISMO Seeks Input on Online Notary Standards,,,,,
187,http://www.mba.org/2017-press-releases/september/mortgage-applications-increase-in-latest-mba-weekly-survey-x178579,Mortgage Applications Increase in Latest MBA Weekly Survey,"September 1, 2017",4.06,3.14,"interest rate for 30-year fixed-rate mortgages with conforming loan balances ($424,100 or less) decreased to its lowest level since November 2016, 4.06 percent","interest rate for 5/1 ARMs decreased to its lowest level since November 2016, 3.14 percent"
188,http://www.mba.org/2017-press-releases/august/mortgage-applications-decrease-in-latest-mba-weekly-survey-x178193,Mortgage Applications Decrease in Latest MBA Weekly Survey,"August 25, 2017",4.11,3.26,"interest rate for 30-year fixed-rate mortgages with conforming loan balances ($424,100 or less) decreased to its lowest level since November 2016, 4.11 percent",interest rate for 5/1 ARMs decreased to 3.26 percent
189,http://www.mba.org/2017-press-releases/august/mortgage-applications-decrease-in-latest-mba-weekly-survey-x177761,Mortgage Applications Decrease in Latest MBA Weekly Survey,"August 18, 2017",4.12,3.27,"interest rate for 30-year fixed-rate mortgages with conforming loan balances ($424,100 or less) remained unchanged from the week prior at 4.12 percent",interest rate for 5/1 ARMs decreased to 3.27 percent
190,http://www.mba.org/2017-press-releases/august/mortgage-applications-slightly-increase-in-latest-mba-weekly-survey,Mortgage Applications Slightly Increase in Latest MBA Weekly Survey,"August 11, 2017",4.12,3.34,"interest rate for 30-year fixed-rate mortgages with conforming loan balances ($424,100 or less) decreased to its lowest level since November 2016, 4.12 percent",interest rate for 5/1 ARMs increased to 3.34 percent
191,http://www.mba.org/2017-press-releases/august/mortgage-applications-increase-in-latest-mba-weekly-survey,Mortgage Applications Increase in Latest MBA Weekly Survey,"August 4, 2017",4.14,3.31,"interest rate for 30-year fixed-rate mortgages with conforming loan balances ($424,100 or less) decreased to 4.14 percent",interest rate for 5/1 ARMs increased to 3.31 percent
192,http://www.mba.org/2017-press-releases/august/mortgage-applications-decrease-in-latest-mba-weekly-survey-x174371,Mortgage Applications Decrease in Latest MBA Weekly Survey,"July 28, 2017",4.17,3.30,"interest rate for 30-year fixed-rate mortgages with conforming loan balances ($424,100 or less) remained unchanged at 4.17 percent",interest rate for 5/1 ARMs increased to 3.30 percent
193,http://www.mba.org/2017-press-releases/july/mortgage-applications-increase-in-latest-mba-weekly-survey-x176300,Mortgage Applications Increase in Latest MBA Weekly Survey,"July 21, 2017",4.17,3.29,"interest rate for 30-year fixed-rate mortgages with conforming loan balances ($424,100 or less) decreased to 4.17 percent",interest rate for 5/1 ARMs decreased to 3.29 percent
194,http://www.mba.org/2017-press-releases/july/mortgage-applications-increase-in-latest-mba-weekly-survey-x176117,Mortgage Applications Increase in Latest MBA Weekly Survey,"July 14, 2017",4.22,3.32,"interest rate for 30-year fixed-rate mortgages with conforming loan balances ($424,100 or less) remained unchanged at 4.22 percent",interest rate for 5/1 ARMs remained unchanged at 3.32 percent
195,http://www.mba.org/2017-press-releases/june/mortgage-applications-decrease-in-latest-mba-weekly-survey-x175466,Mortgage Applications Decrease in Latest MBA Weekly Survey,"July 7, 2017",4.22,3.32,"interest rate for 30-year fixed-rate mortgages with conforming loan balances ($424,100 or less) increased to 4.22 percent",interest rate for 5/1 ARMs decreased to 3.32 percent
196,http://www.mba.org/2017-press-releases/june/mortgage-applications-increase-in-latest-mba-weekly-survey-x175382,Mortgage Applications Increase in Latest MBA Weekly Survey,"June 30, 2017",4.20,3.37,"interest rate for 30-year fixed-rate mortgages with conforming loan balances ($424,100 or less) increased to its highest level since May 2017, 4.20 percent","interest rate for 5/1 ARMs increased to its highest level since March 2017, 3.37 percent"
197,http://www.mba.org/2017-press-releases/june/mortgage-applications-decrease-in-latest-mba-weekly-survey-x175260,Mortgage Applications Decrease in Latest MBA Weekly Survey,"June 23, 2017",4.13,3.31,"interest rate for 30-year fixed-rate mortgages with conforming loan balances ($424,100 or less) remained unchanged at 4.13 percent",interest rate for 5/1 ARMs increased to 3.31 percent
198,http://www.mba.org/2017-press-releases/june/mortgage-applications-increase-in-latest-mba-weekly-survey-x174836,Mortgage Applications Increase in Latest MBA Weekly Survey,"June 16, 2017",4.13,3.26,"interest rate for 30-year fixed-rate mortgages with conforming loan balances ($424,100 or less) remained unchanged at 4.13 percent",interest rate for 5/1 ARMs remained unchanged at 3.26 percent
199,http://www.mba.org/2017-press-releases/june/mortgage-applications-increase-in-latest-mba-weekly-survey-x174491,Mortgage Applications Increase in Latest MBA Weekly Survey,"June 9, 2017",4.13,3.26,"interest rate for 30-year fixed-rate mortgages with conforming loan balances ($424,100 or less) decreased to 4.13 percent",interest rate for 5/1 ARMs increased to 3.26 percent
200,http://www.mba.org/2017-press-releases/june/mortgage-applications-increase-in-latest-mba-weekly-survey-x174490,Mortgage Applications Increase in Latest MBA Weekly Survey,"June 2, 2017",4.14,3.19,"interest rate for 30-year fixed-rate mortgages with conforming loan balances ($424,100 or less) decreased to its lowest level since November 2016, 4.14 percent","interest rate for 5/1 ARMs decreased to its lowest level since November 2016, 3.19 percent"
201,http://www.mba.org/2017-press-releases/may/mortgage-applications-decrease-in-latest-mba-weekly-survey-x174105,Mortgage Applications Decrease in Latest MBA Weekly Survey,"May 26, 2017",4.17,3.22,"interest rate for 30-year fixed-rate mortgages with conforming loan balances ($424,100 or less) remained unchanged at 4.17 percent",interest rate for 5/1 ARMs decreased to 3.22 percent
202,http://www.mba.org/2017-press-releases/may/refi-apps-up-purchase-apps-slightly-down-in-latest-mba-weekly-survey,"Refi Apps Up, Purchase Apps Slightly Down in Latest MBA Weekly Survey","May 19, 2017",4.17,3.27,"interest rate for 30-year fixed-rate mortgages with conforming loan balances ($424,100 or less) decreased to its lowest level since November 2016, 4.17 percent",interest rate for 5/1 ARMs decreased to 3.27 percent
203,http://www.mba.org/2017-press-releases/may/mortgage-applications-decrease-in-latest-mba-weekly-survey-x173451,Mortgage Applications Decrease in Latest MBA Weekly Survey,"May 12, 2017",4.23,3.30,"interest rate for 30-year fixed-rate mortgages with conforming loan balances ($424,100 or less) remained unchanged at 4.23 percent",interest rate for 5/1 ARMs decreased to 3.30 percent
204,http://www.mba.org/2017-press-releases/may/purchase-apps-up-refis-down-in-latest-mba-weekly-survey,"Purchase Apps Up, Refis Down in Latest MBA Weekly Survey","April 28, 2017",4.23,3.29,"interest rate for 30-year fixed-rate mortgages with conforming loan balances ($424,100 or less) increased to 4.23 percent",interest rate for 5/1 ARMs increased to 3.29 percent
205,http://www.mba.org/2017-press-releases/april/mortgage-applications-increase-in-latest-mba-weekly-survey-x171965,Mortgage Applications Increase in Latest MBA Weekly Survey,"April 21, 2017",4.20,3.22,"interest rate for 30-year fixed-rate mortgages with conforming loan balances ($424,100 or less) decreased to its lowest level since November 2016, 4.20 percent","interest rate for 5/1 ARMs decreased to its lowest level since November 2016, 3.22 percent"
206,http://www.mba.org/2017-press-releases/april/mortgage-applications-decrease-in-latest-mba-weekly-survey,Mortgage Applications Decrease in Latest MBA Weekly Survey,"April 14, 2017",4.22,3.27,"interest rate for 30-year fixed-rate mortgages with conforming loan balances ($424,100 or less) decreased to its lowest level since November 2016, 4.22 percent","interest rate for 5/1 ARMs decreased to its lowest level since November 2016, 3.27 percent"
207,http://www.mba.org/2017-press-releases/april/mortgage-applications-increase-in-latest-mba-weekly-survey-x168349,Mortgage Applications Increase in Latest MBA Weekly Survey,"April 7, 2017",4.28,3.33,"interest rate for 30-year fixed-rate mortgages with conforming loan balances ($424,100 or less) decreased to 4.28 percent",interest rate for 5/1 ARMs remained unchanged at 3.33 percent
208,http://www.mba.org/2017-press-releases/march/mortgage-applications-decrease-in-latest-mba-weekly-survey-x167799,Mortgage Applications Decrease in Latest MBA Weekly Survey,"March 31, 2017",4.34,3.33,"interest rate for 30-year fixed-rate mortgages with conforming loan balances ($424,100 or less) increased to 4.34 percent",interest rate for 5/1 ARMs increased to 3.33 percent
209,http://www.mba.org/2017-press-releases/march/mortgage-applications-slightly-decrease-in-latest-mba-weekly-survey,Mortgage Applications Slightly Decrease in Latest MBA Weekly Survey,"March 24, 2017",4.33,3.30,"interest rate for 30-year fixed-rate mortgages with conforming loan balances ($424,100 or less) decreased to 4.33 percent",interest rate for 5/1 ARMs decreased to 3.30 percent
210,http://www.mba.org/2017-press-releases/march/mortgage-applications-decrease-in-latest-mba-weekly-survey-x167301,Mortgage Applications Decrease in Latest MBA Weekly Survey,"March 17, 2017",4.46,3.41,"interest rate for 30-year fixed-rate mortgages with conforming loan balances ($424,100 or less) remained unchanged at 4.46 percent",interest rate for 5/1 ARMs decreased to 3.41 percent
211,http://www.mba.org/2017-press-releases/march/mortgage-applications-increase-in-latest-mba-weekly-survey-x166703,Mortgage Applications Increase in Latest MBA Weekly Survey,"March 3, 2017",4.36,3.48,"interest rate for 30-year fixed-rate mortgages with conforming loan balances ($424,100 or less) increased to 4.36 percent",interest rate for 5/1 ARMs increased to 3.48 percent
212,http://www.mba.org/2017-press-releases/february/mortgage-applications-increase-in-latest-mba-weekly-survey-x160570,Mortgage Applications Increase in Latest MBA Weekly Survey,"February 24, 2017",4.30,3.35,"interest rate for 30-year fixed-rate mortgages with conforming loan balances ($424,100 or less) decreased to 4.30 percent",interest rate for 5/1 ARMs increased to 3.35 percent
213,http://www.mba.org/2017-press-releases/february/mortgage-applications-decrease-in-latest-mba-weekly-survey-x165735,Mortgage Applications Decrease in Latest MBA Weekly Survey,"February 17, 2017",4.36,3.31,"interest rate for 30-year fixed-rate mortgages with conforming loan balances ($424,100 or less) increased to 4.36 percent",interest rate for 5/1 ARMs decreased to 3.31 percent
214,http://www.mba.org/2017-press-releases/february/mortgage-applications-decrease-in-latest-mba-weekly-survey-x165520,Mortgage Applications Decrease in Latest MBA Weekly Survey,"February 10, 2017",4.32,3.34,"interest rate for 30-year fixed-rate mortgages with conforming loan balances ($424,100 or less) decreased to 4.32 percent",interest rate for 5/1 ARMs decreased to 3.34 percent
215,http://www.mba.org/2017-press-releases/february/mortgage-applications-increase-in-latest-mba-weekly-survey-x165114,Mortgage Applications Increase in Latest MBA Weekly Survey,"February 3, 2017",4.35,3.39,"interest rate for 30-year fixed-rate mortgages with conforming loan balances ($424,000 or less) decreased to 4.35 percent",interest rate for 5/1 ARMs increased to 3.39 percent
216,http://www.mba.org/2017-press-releases/january/mortgage-applications-increase-in-latest-mba-weekly-survey-x161290,Mortgage Applications Increase in Latest MBA Weekly Survey,"January 20, 2017",4.35,3.41,"interest rate for 30-year fixed-rate mortgages with conforming loan balances ($424,000 or less) increased to 4.35 percent",interest rate for 5/1 ARMs decreased to 3.41 percent
217,http://www.mba.org/2017-press-releases/january/mortgage-applications-increase-in-latest-mba-weekly-survey-x160588,Mortgage Applications Increase in Latest MBA Weekly Survey,"January 13, 2017",4.27,3.44,"interest rate for 30-year fixed-rate mortgages with conforming loan balances ($424,000 or less) decreased to its lowest level since December 2016, 4.27 percent",interest rate for 5/1 ARMs increased to 3.44 percent
218,http://www.mba.org/2016-press-releases/july/mortgage-applications-decrease-in-latest-mba-weekly-survey-x141322,Mortgage Applications Decrease in Latest MBA Weekly Survey,"July 22, 2016",3.69,2.96,"interest rate for 30-year fixed-rate mortgages with conforming loan balances ($417,000 or less) increased to 3.69 percent",interest rate for 5/1 ARMs increased to 2.96 percent
219,http://www.mba.org/2016-press-releases/july/mortgage-applications-decrease-in-latest-mba-weekly-survey-x141296,Mortgage Applications Decrease in Latest MBA Weekly Survey,"July 15, 2016",3.65,2.86,"interest rate for 30-year fixed-rate mortgages with conforming loan balances ($417,000 or less) increased to 3.65 percent",interest rate for 5/1 ARMs increased to 2.86 percent
220,http://www.mba.org/2016-press-releases/july/mortgage-applications-increase-in-latest-mba-weekly-survey,Mortgage Applications Increase in Latest MBA Weekly Survey,"July 8, 2016",3.60,2.78,"interest rate for 30-year fixed-rate mortgages with conforming loan balances ($417,000 or less) decreased to its lowest level since May 2013, 3.60 percent",interest rate for 5/1 ARMs decreased to 2.78 percent
221,http://www.mba.org/2016-press-releases/july/mortgage-applications-surge-in-latest-mba-weekly-survey,Mortgage Applications Surge in Latest MBA Weekly Survey,"July 1, 2016",3.66,2.85,"interest rate for 30-year fixed-rate mortgages with conforming loan balances ($417,000 or less) decreased to its lowest level since May 2013, 3.66 percent","interest rate for 5/1 ARMs decreased to its lowest level since April 2015, 2.85 percent"
222,http://www.mba.org/2016-press-releases/june/mortgage-applications-decrease-in-latest-mba-weekly-survey-x139478,Mortgage Applications Decrease in Latest MBA Weekly Survey,"June 24, 2016",3.75,2.88,"interest rate for 30-year fixed-rate mortgages with conforming loan balances ($417,000 or less) to its lowest level since May 2013, 3.75 percent",interest rate for 5/1 ARMs decreased to 2.88 percent
223,http://www.mba.org/2016-press-releases/june/rates-drop-refi-apps-jump-in-latest-mba-weekly-survey,"Rates Drop, Refi Apps Jump in Latest MBA Weekly Survey","June 17, 2016",3.76,2.92,"interest rate for 30-year fixed-rate mortgages with conforming loan balances ($417,000 or less) decreased to its lowest level since May 2013, 3.76 percent",interest rate for 5/1 ARMs increased to 2.92 percent
224,http://www.mba.org/2016-press-releases/june/mortgage-applications-decrease-in-latest-mba-weekly-survey-x139014,Mortgage Applications Decrease in Latest MBA Weekly Survey,"June 10, 2016",3.79,2.87,"interest rate for 30-year fixed-rate mortgages with conforming loan balances ($417,000 or less) decreased to its lowest level since January 2015, 3.79 percent","interest rate for 5/1 ARMs decreased to its lowest level since May 2015, 2.87 percent"
225,http://www.mba.org/2016-press-releases/june/mortgage-applications-increase-in-latest-mba-weekly-survey,Mortgage Applications Increase in Latest MBA Weekly Survey,"June 3, 2016",3.83,2.96,"interest rate for 30-year fixed-rate mortgages with conforming loan balances ($417,000 or less) decreased to 3.83 percent",interest rate for 5/1 ARMs decreased to 2.96 percent
226,http://www.mba.org/2016-press-releases/may/mortgage-applications-decrease-in-latest-mba-weekly-survey,Mortgage Applications Decrease in Latest MBA Weekly Survey,"May 13, 2016",3.82,2.94,"interest rate for 30-year fixed-rate mortgages with conforming loan balances ($417,000 or less) remained unchanged at 3.82 percent",interest rate for 5/1 ARMs increased to 2.94 percent
227,http://www.mba.org/2016-press-releases/may/purchase-applications-increase-and-refis-hold-steady-in-latest-mba-weekly-survey,Purchase Applications Increase and Refis Hold Steady in Latest MBA Weekly Survey,"May 20, 2016",3.85,3.09,"interest rate for 30-year fixed-rate mortgages with conforming loan balances ($417,000 or less) increased to 3.85 percent",interest rate for 5/1 ARMs increased to 3.09 percent
228,http://www.mba.org/2016-press-releases/may/mortgage-applications-decrease-in-latest-mba-weekly-survey-x137520,Mortgage Applications Decrease in Latest MBA Weekly Survey,"May 13, 2016",3.82,2.94,"interest rate for 30-year fixed-rate mortgages with conforming loan balances ($417,000 or less) remained unchanged at 3.82 percent",interest rate for 5/1 ARMs increased to 2.94 percent
229,http://www.mba.org/2016-press-releases/may/mortgage-applications-slightly-increase-in-latest-mba-weekly-survey,Mortgage Applications Slightly Increase in Latest MBA Weekly Survey,"May 6, 2016",3.82,2.93,"interest rate for 30-year fixed-rate mortgages with conforming loan balances ($417,000 or less) decreased to its lowest level since April 2016, 3.82 percent",interest rate for 5/1 ARMs increased to 2.93 percent
230,http://www.mba.org/2016-press-releases/may/refis-down-purchases-flat-in-latest-mba-weekly-survey,"Refis Down, Purchases Flat in Latest MBA Weekly Survey","April 29, 2016",3.87,2.91,"interest rate for 30-year fixed-rate mortgages with conforming loan balances ($417,000 or less) increased to 3.87 percent",interest rate for 5/1 ARMs decreased to 2.91 percent
231,http://www.mba.org/2016-press-releases/april/mortgage-applications-decrease-in-latest-mba-weekly-survey,Mortgage Applications Decrease in Latest MBA Weekly Survey,"April 22, 2016",3.85,3.02,"interest rate for 30-year fixed-rate mortgages with conforming loan balances ($417,000 or less) increased to 3.85 percent",interest rate for 5/1 ARMs increased to 3.02 percent
232,http://www.mba.org/2016-press-releases/april/mortgage-applications-increase-in-latest-mba-weekly-survey,Mortgage Applications Increase in Latest MBA Weekly Survey,"April 15, 2016",3.83,2.91,"interest rate for 30-year fixed-rate mortgages with conforming loan balances ($417,000 or less) increased to 3.83 percent",interest rate for 5/1 ARMs decreased to 2.91 percent
233,http://www.mba.org/2016-press-releases/april/mortgage-apps-jump-10-percent-in-latest-mba-weekly-survey,Mortgage Apps Jump 10 percent in Latest MBA Weekly Survey,"April 8, 2016",3.82,2.94,"interest rate for 30-year fixed-rate mortgages with conforming loan balances ($417,000 or less) decreased to 3.82 percent",interest rate for 5/1 ARMs increased to 2.94 percent
234,http://www.mba.org/2016-press-releases/april/refinance-applications-drive-increase-in-latest-mba-weekly-survey,Refinance Applications Drive Increase in Latest MBA Weekly Survey,"April 1, 2016",3.86,2.94,"interest rate for 30-year fixed-rate mortgages with conforming loan balances ($417,000 or less) decreased to 3.86 percent",interest rate for 5/1 ARMs decreased to 2.94 percent
235,http://www.mba.org/2016-press-releases/march/refinance-applications-down-purchase-applications-up-in-latest-mba-weekly-survey,"Refinance Applications Down, Purchase Applications Up in Latest MBA Weekly Survey","March 25, 2016",3.94,3.07,"interest rate for 30-year fixed-rate mortgages with conforming loan balances ($417,000 or less) increased to 3.94 percent",interest rate for 5/1 ARMs decreased to 3.07 percent
236,http://www.mba.org/2016-press-releases/march/mortgage-applications-decrease-in-latest-mba-weekly-survey,Mortgage Applications Decrease in Latest MBA Weekly Survey,"February 26, 2016",3.83,3.02,"interest rate for 30-year fixed-rate mortgages with conforming loan balances ($417,000 or less) decreased to 3.83 percent",interest rate for 5/1 ARMs decreased to 3.02 percent
237,http://www.mba.org/2016-press-releases/march/refinance-applications-continue-to-drop-in-latest-mba-weekly-survey,Refinance Applications Continue to Drop in Latest MBA Weekly Survey,"March 11, 2016",3.94,3.23,"interest rate for 30-year fixed-rate mortgages with conforming loan balances ($417,000 or less) increased to 3.94 percent",interest rate for 5/1 ARMs increased to 3.23 percent
238,http://www.mba.org/2016-press-releases/march/purchase-apps-up-refinance-apps-down-in-latest-mba-weekly-survey,"Purchase Apps Up, Refinance Apps Down in Latest MBA Weekly Survey","March 4, 2016",3.89,3.20,"interest rate for 30-year fixed-rate mortgages with conforming loan balances ($417,000 or less) increased to 3.89 percent",interest rate for 5/1 ARMs increased to 3.20 percent
239,http://www.mba.org/2016-press-releases/march/mortgage-applications-decrease-in-latest-mba-weekly-survey-x134022,Mortgage Applications Decrease in Latest MBA Weekly Survey,"February 26, 2016",3.83,3.02,"interest rate for 30-year fixed-rate mortgages with conforming loan balances ($417,000 or less) decreased to 3.83 percent",interest rate for 5/1 ARMs decreased to 3.02 percent
240,http://www.mba.org/2016-press-releases/feb/mortgage-applications-decrease-in-latest-mba-weekly-survey,Mortgage Applications Decrease in Latest MBA Weekly Survey,"January 29, 2016",,3.00,,"interest rate for 5/1 ARMs <a name=""MBA51A_RateDir""></a>decreased to 3.00 percent"
241,http://www.mba.org/2016-press-releases/feb/refinance-applications-drive-increase-in-latest-mba-weekly-survey,Refinance Applications Drive Increase in Latest MBA Weekly Survey,"February 12, 2016",3.83,2.92,"interest rate for 30-year fixed-rate mortgages with conforming loan balances ($417,000 or less) decreased to its lowest level since April 2015, 3.83 percent","interest rate for 5/1 ARMs decreased to its lowest level since May 2015, 2.92 percent"
242,http://www.mba.org/2016-press-releases/feb/rates-drop-refi-applications-surge-in-latest-mba-weekly-survey,"Rates Drop, Refi Applications Surge in Latest MBA Weekly Survey","February 5, 2016",3.91,2.96,"interest rate for 30-year fixed-rate mortgages with conforming loan balances ($417,000 or less) decreased to its lowest level since April 2015, 3.91 percent","interest rate for 5/1 ARMs decreased to its lowest level since October 2015, 2.96 percent"
243,http://www.mba.org/2016-press-releases/feb/mortgage-applications-decrease-in-latest-mba-weekly-survey-x132879,Mortgage Applications Decrease in Latest MBA Weekly Survey,"January 29, 2016",,3.00,,"interest rate for 5/1 ARMs <a name=""MBA51A_RateDir""></a>decreased to 3.00 percent"
244,http://www.mba.org/2016-press-releases/january/mortgage-applications-increase-as-rates-continue-to-drop-in-latest-mba-weekly-survey,Mortgage Applications Increase as Rates Continue to Drop in Latest MBA Weekly Survey,"January 22, 2016",4.02,3.09,"interest rate for 30-year fixed-rate mortgages with conforming loan balances ($417,000 or less) decreased to its lowest level since October 2015, 4.02 percent",interest rate for 5/1 ARMs decreased to 3.09 percent
245,http://www.mba.org/2016-press-releases/january/refinance-mortgage-applications-increase-as-rates-fall-in-latest-mba-weekly-survey,Refinance Mortgage Applications Increase as Rates Fall in Latest MBA Weekly Survey,"January 15, 2016",4.06,3.20,"interest rate for 30-year fixed-rate mortgages with conforming loan balances ($417,000 or less) decreased to its lowest level since October 2015, 4.06 percent",interest rate for 5/1 ARMs increased to 3.20 percent
246,http://www.mba.org/2016-press-releases/january/mortgage-applications-increase-in-latest-mba-weekly-survey,Mortgage Applications Increase in Latest MBA Weekly Survey,"January 8, 2016",4.12,3.14,"interest rate for 30-year fixed-rate mortgages with conforming loan balances ($417,000 or less) decreased to 4.12 percent",interest rate for 5/1 ARMs decreased to 3.14 percent
247,http://www.mba.org/2016-press-releases/january/mortgage-credit-availability-decreased-in-december,Mortgage Credit Availability Decreased in December,,,,,
248,http://www.mba.org/2016-press-releases/january/mortgage-applications-decreased-over-two-week-period-in-latest-mba-weekly-survey,Mortgage Applications Decreased Over Two Week Period in Latest MBA Weekly Survey,"January 1, 2016",4.20,3.19,"interest rate for 30-year fixed-rate mortgages with conforming loan balances ($417,000 or less) increased to 4.20 percent",interest rate for 5/1 ARMs increased to 3.19 percent
